time,velocity
0.01001,21.9882837961
0.02001,20.9083589033
0.03001,19.8293650701
0.04001,18.7517980476
0.05001,17.6761541933
0.06001,16.6029297799
0.07001,15.5326203164
0.08001,14.465719879
0.09001,13.4027204552
0.10001,12.344111299
0.11001,11.290378299
0.12001,10.2420033585
0.13001,9.1994637881
0.14001,8.16323171164
0.15001,7.13377348464
0.16001,6.11154912623
0.17001,5.09701176433
0.18001,4.0906070946
0.19001,3.09277285313
0.20001,2.10393830343
0.21001,1.12452373761
0.22001,0.154939992497
0.23001,0.804412019446
0.24001,1.75314176369
0.25001,2.69086952161
0.26001,3.61722681234
0.27001,4.53185679818
0.28001,5.43441467309
0.29001,6.32456803399
0.30001,7.20199723421
0.31001,8.06639571891
0.32001,8.91747034175
0.33001,9.75494166255
0.34001,10.5785442254
0.35001,11.3880268169
0.36001,12.1831527035
0.37001,12.9636998486
0.38001,13.7294611077
0.39001,14.480244402
0.40001,15.21587287
0.41001,15.9361849962
0.42001,16.641034717
0.43001,17.3302915036
0.44001,18.0038404206
0.45001,18.6615821615
0.46001,19.30343306
0.47001,19.9293250766
0.48001,20.5392057615
0.49001,21.1330381926
0.50001,21.7108008892
0.51001,22.2724877012
0.52001,22.8181076741
0.53001,23.34768489
0.54001,23.8612582842
0.55001,24.3588814382
0.56001,24.8406223506
0.57001,25.3065631832
0.58001,25.7567999866
0.59001,26.1914424028
0.60001,26.6106133478
0.61001,27.0144486728
0.62001,27.4030968066
0.63001,27.7767183791
0.64001,28.1354858268
0.65001,28.479582982
0.66001,28.8092046456
0.67001,29.1245561461
0.68001,29.4258528845
0.69001,29.7133198671
0.70001,29.9871912276
0.710010000000001,30.247709739
0.72001,30.4951263177
0.730010000000001,30.7296995196
0.74001,30.9516950317
0.750010000000001,31.1613851584
0.760010000000001,31.3590483054
0.770010000000001,31.5449684613
0.780010000000001,31.7194346813
0.79001,31.882740563
0.800010000000001,32.0351837529
0.810010000000001,32.1770653996
0.82001,32.3086896854
0.830010000000001,32.4303633054
0.840010000000001,32.5423949809
0.850010000000001,32.645094977
0.860010000000001,32.738774629
0.870010000000001,32.8237458786
0.880010000000001,32.900320824
0.890010000000001,32.9688112803
0.900010000000001,33.0295283548
0.910010000000001,33.0827820359
0.920010000000001,33.1288807966
0.930010000000001,33.1681312132
0.940010000000001,33.2008376003
0.950010000000001,33.2273016619
0.960010000000001,33.2478221585
0.970010000000001,33.2626945914
0.980010000000001,33.2722109044
0.990010000000001,33.2766592014
1.00001,33.2763234821
1.01001,33.2714833944
1.02001,33.2624140029
1.03001,33.2493855747
1.04001,33.2326633818
1.05001,33.2125075181
1.06001,33.189172733
1.07001,33.16290828
1.08001,33.1339577788
1.09001,33.102559092
1.10001,33.0689442151
1.11001,33.0333391781
1.12001,32.9959639598
1.13001,32.9570324118
1.14001,32.9167521944
1.15001,32.8753247195
1.16001,32.8329451032
1.17001,32.7898021259
1.18001,32.7460781975
1.19001,32.7019493289
1.20001,32.657585108
1.21001,32.6131486782
1.22001,32.5687967195
1.23001,32.5246794311
1.24001,32.4809405127
1.25001,32.4377171461
1.26001,32.3951399733
1.27001,32.3533330712
1.28001,32.3124139216
1.29001,32.2724933748
1.30001,32.2336756058
1.31001,32.1960580615
1.32001,32.1597313976
1.33001,32.1247794036
1.34001,32.0912789146
1.35001,32.0592997085
1.36001,32.0289043859
1.37001,32.0001482326
1.38001,31.973079061
1.39001,31.9477370306
1.40001,31.9241544436
1.41001,31.902355515
1.42001,31.8823561139
1.43001,31.8641634745
1.44001,31.8477758738
1.45001,31.8331822733
1.46001,31.8203619221
1.47001,31.8092839188
1.48001,31.7999067277
1.49001,31.7921776479
1.50001,31.7860322293
1.51001,31.7813936341
1.52001,31.7781719378
1.53001,31.7762633662
1.54001,31.7755494636
1.55001,31.7758961873
1.56001,31.7771529226
1.57001,31.7791514142
1.58001,31.7817046052
1.59001,31.7846053811
1.60001,31.7876252087
1.61001,31.7905126648
1.62001,31.7929918468
1.63001,31.7947606574
1.64001,31.7954889546
1.65001,31.7948165595
1.66001,31.7923511122
1.67001,31.7876657667
1.68001,31.7802967156
1.69001,31.7697405349
1.70001,31.7554513388
1.71001,31.7368377346
1.72001,31.7132595694
1.73001,31.6840244569
1.74001,31.6483840776
1.75001,31.6055302428
1.76001,31.5545907161
1.77001,31.4946247869
1.78001,31.4246185907
1.79001,31.3434801769
1.80001,31.2500343245
1.81001,31.1430171106
1.82001,31.0210702439
1.83001,30.8827351768
1.84001,30.7264470202
1.85001,30.5505282923
1.86001,30.3531825416
1.87001,30.1324878989
1.88001,29.8863906234
1.89001,29.6126987294
1.90001,29.309075795
1.91001,28.9730350797
1.92001,28.6019341033
1.93001,28.1929698685
1.94001,27.743174944
1.95001,27.249414665
1.96001,26.7083857496
1.97001,26.116616683
1.98001,25.4704702707
1.99001,24.7661488242
2.00001,23.999702505
2.01001,23.1670414187
2.02001,22.2639521195
2.03001,21.2861192517
2.04001,20.2291531199
2.05001,19.0886240306
2.06001,17.8601042911
2.07001,16.5392187651
2.08001,15.1217048735
2.09001,13.6034828667
2.10001,11.9807370824
2.11001,10.2500087121
2.12001,8.40830032228
2.13001,6.45319199
2.14001,4.38296840109
2.15001,2.19675561302
2.16001,0.105334611562
2.17001,2.5220559308
2.18001,5.05087810389
2.19001,7.68784247571
2.20001,10.4274287024
2.21001,13.2624402838
2.22001,16.1839174236
2.23001,19.1810863737
2.24001,22.2413545716
2.25001,25.3503603796
2.26001,28.492084932
2.27001,31.6490313844
2.28001,34.8024737119
2.29001,37.9327732075
2.30000999999999,41.0197561901
2.31000999999999,44.0431415155
2.32000999999999,46.9830017385
2.33000999999999,49.8202377651
2.34000999999999,52.5370440883
2.35000999999999,55.1173406829
2.36000999999999,57.547148625
2.37000999999999,59.8148895596
2.38000999999999,61.911594014
2.39000999999999,63.831009709
2.40000999999999,65.5696080634
2.41000999999999,67.1264937283
2.42000999999999,68.5032281591
2.43000999999999,69.7035828455
2.44000999999999,70.7332407943
2.45000999999999,71.5994659956
2.46000999999999,72.3107600417
2.47000999999999,72.8765231148
2.48000999999999,73.3067336317
2.49000999999999,73.6116573757
2.50000999999999,73.8015933637
2.51000999999999,73.8866603412
2.52000999999999,73.8766248836
2.53000999999999,73.7807697573
2.54000999999999,73.6077994901
2.55000999999999,73.3657789931
2.56000999999999,73.0621004869
2.57000999999999,72.7034738227
2.58000999999999,72.2959354374
2.59000999999999,71.8448715515
2.60000999999999,71.3550517174
2.61000999999999,70.8306693823
2.62000999999999,70.2753867031
2.63000999999999,69.6923813889
2.64000999999999,69.0843938389
2.65000999999999,68.4537732776
2.66000999999999,67.8025219494
2.67000999999999,67.1323367406
2.68000999999999,66.4446478339
2.69000999999999,65.740654193
2.70000999999999,65.0213558157
2.71000999999999,64.2875827997
2.72000999999999,63.5400213419
2.73000999999999,62.7792368381
2.74000999999999,62.0056942836
2.75000999999999,61.2197761903
2.76000999999999,60.4217982406
2.77000999999998,59.6120228953
2.78000999999998,58.7906711661
2.79000999999998,57.95793275
2.80000999999998,57.11397471
2.81000999999998,56.2589488709
2.82000999999998,55.3929980856
2.83000999999998,54.516261509
2.84000999999998,53.628879006
2.85000999999998,52.7309948046
2.86000999999998,51.8227604923
2.87000999999998,50.9043374438
2.88000999999998,49.975898757
2.89000999999998,49.0376307644
2.90000999999998,48.08973418
2.91000999999998,47.1324249321
2.92000999999998,46.1659347286
2.93000999999998,45.190511393
2.94000999999998,44.2064190054
2.95000999999998,43.2139378782
2.96000999999998,42.2133643924
2.97000999999998,41.2050107155
2.98000999999998,40.1892044213
2.99000999999998,39.1662880273
3.00000999999998,38.1366184647
3.01000999999998,37.1005664914
3.02000999999998,36.058516061
3.03000999999998,35.0108636543
3.04000999999998,33.9580175824
3.05000999999998,32.9003972677
3.06000999999998,31.8384325083
3.07000999999998,30.7725627297
3.08000999999998,29.7032362298
3.09000999999998,28.6309094183
3.10000999999998,27.5560460551
3.11000999999998,26.4791164895
3.12000999999998,25.4005969018
3.13000999999998,24.3209685499
3.14000999999998,23.2407170219
3.15000999999998,22.1603314954
3.16000999999998,21.0803040056
3.17000999999998,20.0011287218
3.18000999999998,18.923301234
3.19000999999998,17.8473178498
3.20000999999998,16.7736749013
3.21000999999998,15.7028680639
3.22000999999998,14.6353916864
3.23000999999998,13.5717381324
3.24000999999997,12.5123971339
3.25000999999997,11.4578551574
3.26000999999997,10.4085947817
3.27000999999997,9.36509408917
3.28000999999997,8.32782606888
3.29000999999997,7.29725803346
3.30000999999997,6.27385104868
3.31000999999997,5.2580593766
3.32000999999997,4.25032993221
3.33000999999997,3.25110175403
3.34000999999997,2.26080548871
3.35000999999997,1.27986289
3.36000999999997,0.308686332393
3.37000999999997,0.652321660255
3.38000999999997,1.60276887084
3.39000999999997,2.54227382948
3.40000999999997,3.47046623795
3.41000999999997,4.38698737774
3.42000999999997,5.29149050128
3.43000999999997,6.183641206
3.44000999999997,7.06311779063
3.45000999999997,7.92961159359
3.46000999999997,8.78282731257
3.47000999999997,9.62248330538
3.48000999999997,10.4483118711
3.49000999999997,11.2600595115
3.50000999999997,12.0574871719
3.51000999999997,12.8403704612
3.52000999999997,13.6084998511
3.53000999999997,14.3616808525
3.54000999999997,15.0997341712
3.55000999999997,15.8224958399
3.56000999999997,16.5298173279
3.57000999999997,17.2215656277
3.58000999999997,17.8976233173
3.59000999999997,18.5578885998
3.60000999999997,19.2022753182
3.61000999999997,19.8307129461
3.62000999999997,20.4431465542
3.63000999999997,21.0395367527
3.64000999999997,21.6198596082
3.65000999999997,22.1841065375
3.66000999999997,22.732284176
3.67000999999997,23.2644142225
3.68000999999997,23.7805332601
3.69000999999997,24.2806925524
3.70000999999997,24.7649578183
3.71000999999996,25.2334089816
3.72000999999996,25.6861399002
3.73000999999996,26.1232580724
3.74000999999996,26.544884322
3.75000999999996,26.9511524637
3.76000999999996,27.3422089479
3.77000999999996,27.7182124871
3.78000999999996,28.0793336646
3.79000999999996,28.4257545258
3.80000999999996,28.7576681541
3.81000999999996,29.0752782312
3.82000999999996,29.378798585
3.83000999999996,29.6684527238
3.84000999999996,29.9444733599
3.85000999999996,30.2071019236
3.86000999999996,30.4565880675
3.87000999999996,30.6931891651
3.88000999999996,30.9171698018
3.89000999999996,31.1288012626
3.90000999999996,31.328361016
3.91000999999996,31.5161321964
3.92000999999996,31.6924030862
3.93000999999996,31.8574665977
3.94000999999996,32.0116197555
3.95000999999996,32.1551631994
3.96000999999996,32.2884006542
3.97000999999996,32.4116384482
3.98000999999996,32.5251850133
3.99000999999996,32.629350401
4.00000999999996,32.7244458071
4.01000999999996,32.8107831073
4.02000999999996,32.8886744047
4.03000999999996,32.9584315881
4.04000999999996,33.0203659056
4.05000999999996,33.0747875507
4.06000999999996,33.1220052635
4.07000999999996,33.1623259475
4.08000999999996,33.1960543012
4.09000999999996,33.2234924671
4.10000999999996,33.2449396959
4.11000999999996,33.2606920286
4.12000999999996,33.2710419948
4.13000999999996,33.2762783281
4.14000999999996,33.2766856992
4.15000999999996,33.2725444645
4.16000999999996,33.2641304336
4.17000999999996,33.2517146515
4.18000999999996,33.235563198
4.19000999999996,33.2159370035
4.20000999999995,33.1930916791
4.21000999999995,33.1672773631
4.22000999999995,33.138738581
4.23000999999995,33.1077141203
4.24000999999995,33.0744369176
4.25000999999995,33.0391339592
4.26000999999995,33.0020261927
4.27000999999995,32.9633284504
4.28000999999995,32.9232493825
4.29000999999995,32.8819913995
4.30000999999995,32.8397506233
4.31000999999995,32.7967168454
4.32000999999995,32.7530734926
4.33000999999995,32.7089975966
4.34000999999995,32.6646597698
4.35000999999995,32.6202241832
4.36000999999995,32.5758485475
4.37000999999995,32.5316840951
4.38000999999995,32.4878755623
4.39000999999995,32.4445611703
4.40000999999995,32.4018726041
4.41000999999995,32.3599349881
4.42000999999995,32.3188668568
4.43000999999995,32.2787801194
4.44000999999995,32.2397800173
4.45000999999995,32.2019650729
4.46000999999995,32.1654270281
4.47000999999995,32.1302507716
4.48000999999995,32.0965142526
4.49000999999995,32.0642883805
4.50000999999995,32.0336369078
4.51000999999995,32.0046162952
4.52000999999995,31.9772755569
4.53000999999995,31.9516560842
4.54000999999995,31.9277914455
4.55000999999995,31.9057071602
4.56000999999995,31.8854204453
4.57000999999995,31.866939931
4.58000999999995,31.8502653436
4.59000999999995,31.835387154
4.60000999999995,31.8222861864
4.61000999999995,31.810933187
4.62000999999995,31.8012883483
4.63000999999995,31.7933007851
4.64000999999995,31.7869079599
4.65000999999995,31.7820350531
4.66000999999995,31.7785942737
4.67000999999994,31.7764841073
4.68000999999994,31.7755884949
4.69000999999994,31.7757759401
4.70000999999994,31.7768985371
4.71000999999994,31.7787909152
4.72000999999994,31.7812690935
4.73000999999994,31.7841292405
4.74000999999994,31.7871463296
4.75000999999994,31.7900726864
4.76000999999994,31.7926364188
4.77000999999994,31.7945397214
4.78000999999994,31.7954570485
4.79000999999994,31.7950331445
4.80000999999994,31.7928809248
4.81000999999994,31.7885791972
4.82000999999994,31.7816702139
4.83000999999994,31.7716570458
4.84000999999994,31.7580007685
4.85000999999994,31.7401174493
4.86000999999994,31.7173749277
4.87000999999994,31.6890893783
4.88000999999994,31.6545216469
4.89000999999994,31.6128733534
4.90000999999994,31.5632827521
4.91000999999994,31.5048203443
4.92000999999994,31.4364842402
4.93000999999994,31.3571952664
4.94000999999994,31.265791821
4.95000999999994,31.161024482
4.96000999999994,31.0415503764
4.97000999999994,30.9059273263
4.98000999999994,30.752607794
4.99000999999994,30.579932654
5.00000999999994,30.3861248332
5.01000999999994,30.1692828698
5.02000999999994,29.9273744557
5.03000999999994,29.6582300432
5.04000999999994,29.3595366177
5.05000999999994,29.028831756
5.06000999999994,28.6634981208
5.07000999999994,28.260758567
5.08000999999994,27.8176720717
5.09000999999994,27.3311307374
5.10000999999994,26.797858162
5.11000999999994,26.2144095145
5.12000999999994,25.5771737143
5.13000999999994,24.8823781639
5.14000999999993,24.1260965519
5.15000999999993,23.3042603072
5.16000999999993,22.4126743547
5.17000999999993,21.4470378868
5.18000999999993,20.4029709341
5.19000999999993,19.2760475705
5.20000999999993,18.061836632
5.21000999999993,16.7559508495
5.22000999999993,15.3541052877
5.23000999999993,13.8521859299
5.24000999999993,12.2463291455
5.25000999999993,10.5330125986
5.26000999999993,8.70915789506
5.27000999999993,6.77224489708
5.28000999999993,4.720437144
5.29000999999993,2.55271719377
5.30000999999993,0.269029927685
5.31000999999993,2.12956905339
5.32000999999993,4.64076385941
5.33000999999993,7.26083263026
5.34000999999993,9.9845119923
5.35000999999993,12.8048790467
5.36000999999993,15.7132592759
5.37000999999993,18.699169451
5.38000999999993,21.7503048644
5.39000999999993,24.852579826
5.40000999999993,27.9902291962
5.41000999999993,31.1459766641
5.42000999999993,34.3012724803
5.43000999999993,37.436599482
5.44000999999993,40.5318416886
5.45000999999993,43.5667048448
5.46000999999993,46.5211734822
5.47000999999993,49.3759849038
5.48000999999993,52.1130975177
5.49000999999993,54.7161296275
5.50000999999993,57.1707454474
5.51000999999993,59.4649678684
5.52000999999993,61.5894019866
5.53000999999993,63.5373597429
5.54000999999993,65.3048824114
5.55000999999993,66.8906650142
5.56000999999993,68.2958926349
5.57000999999993,69.5240036617
5.58000999999993,70.5803981987
5.59000999999993,71.4721113149
5.60000999999992,72.2074704926
5.61000999999992,72.7957548772
5.62000999999992,73.246871134
5.63000999999992,73.5710573059
5.64000999999992,73.7786224874
5.65000999999992,73.8797267145
5.66000999999992,73.8842024767
5.67000999999992,73.8014168339
5.68000999999992,73.6401713171
5.69000999999992,73.4086355942
5.70000999999992,73.1143102172
5.71000999999992,72.7640135432
5.72000999999992,72.3638880267
5.73000999999992,71.9194214244
5.74000999999992,71.4354789325
5.75000999999992,70.9163428323
5.76000999999992,70.3657567903
5.77000999999992,69.7869725053
5.78000999999992,69.1827968975
5.79000999999992,68.5556384739
5.80000999999992,67.907551882
5.81000999999992,67.240279973
5.82000999999992,66.5552929472
5.83000999999992,65.8538243507
5.84000999999992,65.1369038421
5.85000999999992,64.4053867604
5.86000999999992,63.6599806016
5.87000999999992,62.9012685676
5.88000999999992,62.129730383
5.89000999999992,61.3457605925
5.90000999999992,60.5496845606
5.91000999999992,59.7417723913
5.92000999999992,58.9222509791
5.93000999999992,58.0913143917
5.94000999999992,57.2491327702
5.95000999999992,56.3958599196
5.96000999999992,55.5316397443
5.97000999999992,54.6566116722
5.98000999999992,53.7709151921
5.99000999999992,52.8746936207
6.00000999999992,51.9680971971
6.01000999999992,51.0512855958
6.02000999999992,50.124429936
6.03000999999992,49.1877143571
6.04000999999992,48.241337219
6.05000999999992,47.2855119828
6.06000999999992,46.3204678153
6.07000999999991,45.3464499591
6.08000999999991,44.3637199029
6.09000999999991,43.3725553816
6.10000999999991,42.3732502329
6.11000999999991,41.3661141333
6.12000999999991,40.3514722319
6.13000999999991,39.3296647002
6.14000999999991,38.3010462116
6.15000999999991,37.2659853632
6.16000999999991,36.2248640508
6.17000999999991,35.178076806
6.18000999999991,34.1260301035
6.19000999999991,33.0691416449
6.20000999999991,32.0078396256
6.21000999999991,30.9425619883
6.22000999999991,29.8737556686
6.23000999999991,28.8018758352
6.24000999999991,27.7273851284
6.25000999999991,26.6507528988
6.26000999999991,25.5724544488
6.27000999999991,24.4929702777
6.28000999999991,23.4127853337
6.29000999999991,22.3323882721
6.30000999999991,21.2522707215
6.31000999999991,20.1729265594
6.32000999999991,19.0948511969
6.33000999999991,18.0185408739
6.34000999999991,16.9444919646
6.35000999999991,15.8732002941
6.36000999999991,14.8051604669
6.37000999999991,13.7408652063
6.38000999999991,12.6808047063
6.39000999999991,11.6254659953
6.40000999999991,10.5753323125
6.41000999999991,9.53088249652
6.42000999999991,8.49259038717
6.43000999999991,7.46092423961
6.44000999999991,6.43634615215
6.45000999999991,5.41931150717
6.46000999999991,4.4102684256
6.47000999999991,3.40965723529
6.48000999999991,2.41790995334
6.49000999999991,1.43544978276
6.50000999999991,0.462690623804
6.51000999999991,0.499963399879
6.52000999999991,1.45211839978
6.53000999999991,2.39339116552
6.5400099999999,3.32340959186
6.5500099999999,4.24181308942
6.5600099999999,5.14825297858
6.5700099999999,6.04239286631
6.5800099999999,6.92390900537
6.5900099999999,7.79249063548
6.6000099999999,8.64784030605
6.6100099999999,9.48967417997
6.6200099999999,10.3177223179
6.6300099999999,11.1317289431
6.6400099999999,11.931452685
6.6500099999999,12.7166668035
6.6600099999999,13.4871593905
6.6700099999999,14.2427335509
6.6800099999999,14.983207561
6.6900099999999,15.7084150044
6.7000099999999,16.4182048857
6.7100099999999,17.11244172
6.7200099999999,17.7910056001
6.7300099999999,18.4537922389
6.7400099999999,19.1007129883
6.7500099999999,19.7316948343
6.7600099999999,20.3466803667
6.7700099999999,20.9456277256
6.7800099999999,21.5285105226
6.7900099999999,22.0953177378
6.8000099999999,22.6460535926
6.8100099999999,23.1807373982
6.8200099999999,23.69940338
6.8300099999999,24.2021004782
6.8400099999999,24.6888921253
6.8500099999999,25.1598560007
6.8600099999999,25.6150837619
6.8700099999999,26.0546807555
6.8800099999999,26.4787657048
6.8900099999999,26.8874703788
6.9000099999999,27.2809392399
6.9100099999999,27.6593290736
6.9200099999999,28.0228085994
6.9300099999999,28.3715580653
6.9400099999999,28.7057688256
6.9500099999999,29.0256429042
6.9600099999999,29.3313925438
6.9700099999999,29.6232397426
6.9800099999999,29.9014157793
6.9900099999999,30.1661607287
7.0000099999999,30.4177229675
7.01000999999989,30.6563586731
7.02000999999989,30.8823313167
7.03000999999989,31.0959111508
7.04000999999989,31.2973746935
7.05000999999989,31.4870042118
7.06000999999989,31.6650872021
7.07000999999989,31.8319158697
7.08000999999989,31.9877866408
7.09000999999989,32.1329995783
7.10000999999989,32.2678579725
7.11000999999989,32.3926677651
7.12000999999989,32.5077370856
7.13000999999989,32.6133757594
7.14000999999989,32.7098948313
7.15000999999989,32.7976060998
7.16000999999989,32.8768216612
7.17000999999989,32.9478534675
7.18000999999989,33.011012897
7.19000999999989,33.0666103382
7.20000999999989,33.1149547888
7.21000999999989,33.1563534696
7.22000999999989,33.1911114546
7.23000999999989,33.219531316
7.24000999999989,33.2419127869
7.25000999999989,33.2585524401
7.26000999999989,33.2697433839
7.27000999999989,33.275774975
7.28000999999989,33.2769325481
7.29000999999989,33.2734971631
7.30000999999989,33.2657453684
7.31000999999989,33.2539489818
7.32000999999989,33.2383748868
7.33000999999989,33.2192848455
7.34000999999989,33.1969353269
7.35000999999989,33.1715773506
7.36000999999989,33.143456345
7.37000999999989,33.1128120191
7.38000999999989,33.0798782484
7.39000999999989,33.044882973
7.40000999999989,33.0080481078
7.41000999999989,32.9695894639
7.42000999999989,32.9297166799
7.43000999999989,32.8886331636
7.44000999999989,32.8465360415
7.45000999999989,32.8036161159
7.46000999999989,32.7600578292
7.47000999999989,32.7160392336
7.48000999999988,32.6717319651
7.49000999999988,32.6273012222
7.50000999999988,32.5829057456
7.51000999999988,32.5386978007
7.52000999999988,32.4948231595
7.53000999999988,32.4514210823
7.54000999999988,32.4086242966
7.55000999999988,32.3665589735
7.56000999999988,32.3253446992
7.57000999999988,32.2850944408
7.58000999999988,32.2459145048
7.59000999999988,32.2079044875
7.60000999999988,32.1711572153
7.61000999999988,32.1357586737
7.62000999999988,32.1017879236
7.63000999999988,32.0693170029
7.64000999999988,32.0384108125
7.65000999999988,32.0091269842
7.66000999999988,31.9815157295
7.67000999999988,31.9556196665
7.68000999999988,31.9314736239
7.69000999999988,31.9091044193
7.70000999999988,31.8885306102
7.71000999999988,31.8697622146
7.72000999999988,31.8528003998
7.73000999999988,31.8376371356
7.74000999999988,31.8242548104
7.75000999999988,31.8126258063
7.76000999999988,31.8027120304
7.77000999999988,31.7944643988
7.78000999999988,31.7878222706
7.79000999999988,31.7827128269
7.80000999999988,31.7790503912
7.81000999999988,31.7767356878
7.82000999999988,31.7756550321
7.83000999999988,31.7756794495
7.84000999999988,31.7766637158
7.85000999999988,31.7784453161
7.86000999999988,31.7808433143
7.87000999999988,31.7836571274
7.88000999999988,31.7866651988
7.89000999999988,31.7896235633
7.90000999999988,31.7922642957
7.91000999999988,31.7942938369
7.92000999999988,31.795391187
7.93000999999988,31.7952059602
7.94000999999988,31.7933562895
7.95000999999988,31.7894265742
7.96000999999987,31.7829650596
7.97000999999987,31.7734812403
7.98000999999987,31.7604430767
7.99000999999987,31.7432740144
8.00000999999987,31.7213497985
8.01000999999987,31.6939950711
8.02000999999987,31.660479745
8.03000999999987,31.6200151434
8.04000999999987,31.5717498996
8.05000999999987,31.51476561
8.06000999999987,31.448072235
8.07000999999987,31.3706032476
8.08000999999987,31.2812105289
8.09000999999987,31.1786590142
8.10000999999987,31.0616211005
8.11000999999987,30.9286708264
8.12000999999987,30.778277847
8.13000999999987,30.608801232
8.14000999999987,30.4184831229
8.15000999999987,30.2054423017
8.16000999999987,29.9676677301
8.17000999999987,29.7030121408
8.18000999999987,29.409185775
8.19000999999987,29.0837503871
8.20000999999987,28.7241136581
8.21000999999987,28.3275241912
8.22000999999987,27.8910672951
8.23000999999987,27.4116617983
8.24000999999987,26.8860581787
8.25000999999987,26.310838344
8.26000999999987,25.6824174464
8.27000999999987,24.997048176
8.28000999999987,24.2508280377
8.29000999999987,23.4397101821
8.30000999999987,22.5595184299
8.31000999999987,21.6059671937
8.32000999999987,20.5746870709
8.33000999999987,19.4612569335
8.34000999999987,18.2612433908
8.35000999999987,16.9702485214
8.36000999999987,15.5839667718
8.37000999999987,14.0982518731
8.38000999999987,12.5091945315
8.39000999999987,10.8132114875
8.40000999999987,9.00714628706
8.41000999999987,7.08838176136
8.42000999999986,5.05496374023
8.43000999999986,2.90573492293
8.44000999999986,0.640477081625
8.45000999999986,1.73994111951
8.46000999999986,4.23341443307
8.47000999999986,6.83645434051
8.48000999999986,9.54405142764
8.49000999999986,12.3495540422
8.50000999999986,15.2445714777
8.51000999999986,18.2189106821
8.52000999999986,21.2605558133
8.53000999999986,24.3556996927
8.54000999999986,27.4888351692
8.55000999999986,30.6429124977
8.56000999999986,33.7995659786
8.57000999999986,36.9394093649
8.58000999999986,40.0423950753
8.59000999999986,43.0882273783
8.60000999999986,46.0568148516
8.61000999999986,48.9287431244
8.62000999999986,51.6857456991
8.63000999999986,54.3111490428
8.64000999999986,56.7902684524
8.65000999999986,59.1107338329
8.66000999999986,61.2627279063
8.67000999999986,63.2391274671
8.68000999999986,65.03554169
8.69000999999986,66.6502517837
8.70000999999986,68.0840604168
8.71000999999986,69.3400654386
8.72000999999986,70.423375722
8.73000999999986,71.3407886897
8.74000999999986,72.1004490394
8.75000999999986,72.7115066349
8.76000999999986,73.1837888617
8.77000999999986,73.5274994102
8.78000999999986,73.7529518666
8.79000999999986,73.8703430321
8.80000999999986,73.8895678189
8.81000999999986,73.8200750499
8.82000999999986,73.6707615862
8.83000999999986,73.4499009179
8.84000999999986,73.1651016067
8.85000999999986,72.8232906842
8.86000999999986,72.4307171688
8.87000999999986,71.9929711756
8.88000999999986,71.515014556
8.89000999999985,71.0012195539
8.90000999999985,70.4554125322
8.91000999999985,69.8809203795
8.92000999999985,69.2806177149
8.93000999999985,68.6569734593
8.94000999999985,68.0120957312
8.95000999999985,67.3477743401
8.96000999999985,66.6655204172
8.97000999999985,65.9666029218
8.98000999999985,65.2520819236
8.99000999999985,64.5228386737
9.00000999999985,63.7796025641
9.01000999999985,63.0229751308
9.02000999999985,62.253451291
9.03000999999985,61.4714380277
9.04000999999985,60.6772707402
9.05000999999985,59.8712274808
9.06000999999985,59.0535412899
9.07000999999985,58.2244108312
9.08000999999985,57.3840095165
9.09000999999985,56.5324932934
9.10000999999985,55.6700072555
9.11000999999985,54.7966912183
9.12000999999985,53.9126843901
9.13000999999985,53.0181292544
9.14000999999985,52.1131747656
9.15000999999985,51.1979789487
9.16000999999985,50.2727109843
9.17000999999985,49.3375528487
9.18000999999985,48.3927005703
9.19000999999985,47.438365158
9.20000999999985,46.4747732467
9.21000999999985,45.5021675027
9.22000999999985,44.5208068231
9.23000999999985,43.5309663615
9.24000999999985,42.5329374059
9.25000999999985,41.5270271321
9.26000999999985,40.5135582532
9.27000999999985,39.4928685814
9.28000999999985,38.4653105177
9.29000999999985,37.4312504824
9.30000999999985,36.3910682969
9.31000999999985,35.345156526
9.32000999999985,34.2939197896
9.33000999999985,33.2377740501
9.34000999999985,32.1771458811
9.35000999999985,31.1124717233
9.36000999999984,30.0441971309
9.37000999999984,28.9727760122
9.38000999999984,27.8986698686
9.39000999999984,26.822347033
9.40000999999984,25.7442819102
9.41000999999984,24.6649542224
9.42000999999984,23.584848259
9.43000999999984,22.5044521341
9.44000999999984,21.4242570516
9.45000999999984,20.3447565789
9.46000999999984,19.2664459305
9.47000999999984,18.189821261
9.48000999999984,17.115378969
9.49000999999984,16.0436150127
9.50000999999984,14.9750242352
9.51000999999984,13.9100997034
9.52000999999984,12.8493320568
9.53000999999984,11.7932088701
9.54000999999984,10.7422140273
9.55000999999984,9.6968271084
9.56000999999984,8.65752278867
9.57000999999984,7.62477025146
9.58000999999984,6.59903261343
9.59000999999984,5.58076636343
9.60000999999984,4.57042081487
9.61000999999984,3.56843757178
9.62000999999984,2.57525000894
9.63000999999984,1.59128276624
9.64000999999984,0.616951257659
9.65000999999984,0.347338804988
9.66000999999984,1.30119187302
9.67000999999984,2.24422300639
9.68000999999984,3.17605830328
9.69000999999984,4.09633531342
9.70000999999984,5.0047034347
9.71000999999984,5.90082429274
9.72000999999984,6.78437210297
9.73000999999984,7.65503401465
9.74000999999984,8.51251043657
9.75000999999984,9.35651534392
9.76000999999984,10.1867765657
9.77000999999984,11.0030360526
9.78000999999984,11.8050501244
9.79000999999984,12.5925896964
9.80000999999984,13.365440486
9.81000999999984,14.1234031956
9.82000999999984,14.8662936756
9.83000999999983,15.5939430635
9.84000999999983,16.3061979012
9.85000999999983,17.0029202286
9.86000999999983,17.6839876539
9.87000999999983,18.3492934003
9.88000999999983,18.9987463288
9.89000999999983,19.6322709367
9.90000999999983,20.2498073318
9.91000999999983,20.851311182
9.92000999999983,21.4367536412
9.93000999999983,22.0061212497
9.94000999999983,22.5594158111
9.95000999999983,23.0966542443
9.96000999999983,23.6178684121
9.97000999999983,24.1231049255
9.98000999999983,24.6124249249
9.99000999999983,25.0859038378
10.0000099999998,25.5436311146
10.0100099999998,25.9857099417
10.0200099999998,26.4122569338
10.0300099999998,26.8234018051
10.0400099999998,27.219287021
10.0500099999998,27.6000674296
10.0600099999998,27.9659098766
10.0700099999998,28.3169928018
10.0800099999998,28.6535058196
10.0900099999998,28.9756492842
10.1000099999998,29.2836338417
10.1100099999998,29.5776799679
10.1200099999998,29.858017496
10.1300099999998,30.1248851324
10.1400099999998,30.378529965
10.1500099999998,30.6192069628
10.1600099999998,30.8471784695
10.1700099999998,31.0627136918
10.1800099999998,31.2660881849
10.1900099999998,31.4575833345
10.2000099999998,31.6374858393
10.2100099999998,31.8060879419
10.2200099999998,31.9636824183
10.2300099999998,32.1105733037
10.2400099999998,32.247060399
10.2500099999998,32.3734500071
10.2600099999998,32.4900499427
10.2700099999998,32.5971697933
10.2800099999998,32.6951204411
10.2900099999998,32.7842135951
10.3000099999998,32.8647613342
10.3100099999998,32.9370756626
10.3200099999998,33.0014680781
10.3300099999998,33.058249154
10.3400099999998,33.1077281358
10.3500099999998,33.1502125527
10.3600099999998,33.1860078444
10.3700099999998,33.2154170048
10.3800099999998,33.2387402412
10.3900099999998,33.2562746503
10.4000099999998,33.268313912
10.4100099999998,33.275147999
10.4200099999998,33.2770629039
10.4300099999998,33.2743403836
10.4400099999998,33.2672577204
10.4500099999998,33.2560874994
10.4600099999998,33.241097403
10.4700099999998,33.2225500206
10.4800099999998,33.2007026753
10.4900099999998,33.1758072645
10.5000099999998,33.1481101158
10.5100099999998,33.1178518573
10.5200099999998,33.0852673006
10.5300099999998,33.0505853374
10.5400099999998,33.0140288479
10.5500099999998,32.9758146198
10.5600099999998,32.9361532794
10.5700099999998,32.8952492302
10.5800099999998,32.8533006022
10.5900099999998,32.8104992073
10.6000099999998,32.7670305032
10.6100099999998,32.7230735615
10.6200099999998,32.6788010418
10.6300099999998,32.6343791691
10.6400099999998,32.5899677139
10.6500099999998,32.5457199741
10.6600099999998,32.501782757
10.6700099999998,32.4582963613
10.6800099999998,32.4153945566
10.6900099999998,32.3732045598
10.7000099999998,32.3318470081
10.7100099999998,32.2914359252
10.7200099999998,32.2520786817
10.7300099999998,32.2138759462
10.7400099999998,32.1769216279
10.7500099999998,32.1413028069
10.7600099999998,32.1070996532
10.7700099999998,32.0743853303
10.7800099999998,32.0432258844
10.7900099999998,32.0136801145
10.8000099999998,31.9857994248
10.8100099999998,31.9596276554
10.8200099999998,31.9352008896
10.8300099999998,31.912547237
10.8400099999998,31.8916865884
10.8500099999998,31.872630342
10.8600099999998,31.8553810967
10.8700099999998,31.839932312
10.8800099999998,31.8262679298
10.8900099999998,31.8143619558
10.9000099999998,31.8041779988
10.9100099999998,31.7956687619
10.9200099999998,31.7887754851
10.9300099999998,31.7834273327
10.9400099999998,31.7795407241
10.9500099999998,31.777018602
10.9600099999998,31.7757496335
10.9700099999998,31.7756073414
10.9800099999998,31.7764491571
10.9900099999998,31.7781153927
11.0000099999998,31.7804281256
11.0100099999998,31.7831899878
11.0200099999998,31.7861828565
11.0300099999998,31.789166436
11.0400099999998,31.7918767261
11.0500099999998,31.7940243674
11.0600099999998,31.7952928571
11.0700099999998,31.7953366259
11.0800099999998,31.7937789673
11.0900099999998,31.7902098107
11.1000099999998,31.7841833286
11.1100099999998,31.7752153689
11.1200099999998,31.762780701
11.1300099999998,31.7463100682
11.1400099999998,31.7251870346
11.1500099999998,31.6987446183
11.1600099999998,31.6662617006
11.1700099999998,31.6269592045
11.1800099999998,31.5799960322
11.1900099999998,31.5244647579
11.2000099999998,31.4593870694
11.2100099999998,31.383708957
11.2200099999998,31.2962956484
11.2300099999998,31.1959262949
11.2400099999998,31.0812884154
11.2500099999998,30.9509721121
11.2600099999998,30.8034640758
11.2700099999998,30.6371414101
11.2800099999998,30.4502653082
11.2900099999998,30.2409746314
11.3000099999998,30.007279449
11.3100099999998,29.7470546144
11.3200099999998,29.4580334727
11.3300099999998,29.1378018137
11.3400099999998,28.7837922091
11.3500099999998,28.3932789032
11.3600099999998,27.9633734551
11.3700099999998,27.4910213706
11.3800099999998,26.9730000017
11.3900099999998,26.4059180399
11.4000099999998,25.7862169778
11.4100099999998,25.1101749767
11.4200099999998,24.3739136311
11.4300099999998,23.5734081931
11.4400099999998,22.7045018828
11.4500099999998,21.7629249807
11.4600099999998,20.7443194627
11.4700099999998,19.6442699986
11.4800099999998,18.4583421793
11.4900099999998,17.182128873
11.5000099999998,15.8113056038
11.5100099999998,14.3416958197
11.5200099999998,12.7693468223
11.5300099999998,11.0906169845
11.5400099999998,9.30227464635
11.5500099999998,7.40160874824
11.5600099999998,5.3865508099
11.5700099999998,3.25580728454
11.5800099999998,1.00900059235
11.5900099999998,1.35318373215
11.6000099999998,3.82884735088
11.6100099999998,6.41473158111
11.6200099999998,9.10607787308
11.6300099999998,11.8965033466
11.6400099999998,14.7778994817
11.6500099999998,17.7403628654
11.6600099999998,20.7721673027
11.6700099999998,23.8597864307
11.6800099999998,26.9879750719
11.6900099999998,30.1399157968
11.7000099999998,33.2974344587
11.7100099999998,36.4412848582
11.7200099999998,39.5514983247
11.7300099999998,42.6077891662
11.7400099999998,45.5900020445
11.7500099999998,48.4785829072
11.7600099999998,51.2550516892
11.7700099999998,53.9024531084
11.7800099999998,56.4057618671
11.7900099999998,58.7522208407
11.8000099999998,60.9315941329
11.8100099999998,62.936324252
11.8200099999998,64.7615867453
11.8300099999998,66.4052451611
11.8400099999998,67.8677139757
11.8500099999998,69.1517432511
11.8600099999998,70.2621424087
11.8700099999998,71.2054625308
11.8800099999998,71.9896568215
11.8900099999998,72.6237375267
11.9000099999998,73.1174450949
11.9100099999998,73.4809420963
11.9200099999998,73.7245408552
11.9300099999998,73.8584702444
11.9400099999998,73.8926839466
11.9500099999998,73.8367098701
11.9600099999998,73.6995384046
11.9700099999998,73.4895458184
11.9800099999998,73.2144482718
11.9900099999998,72.8812815695
12.0000099999998,72.496401787
12.0100099999998,72.065502182
12.0200099999998,71.593642248
12.0300099999998,71.0852853053
12.0400099999998,70.5443415943
12.0500099999998,69.9742143937
12.0600099999998,69.3778472048
12.0700099999998,68.757770503
12.0800099999998,68.1161469563
12.0900099999998,67.4548143384
12.1000099999998,66.7753256375
12.1100099999998,66.0789860706
12.1200099999998,65.3668868806
12.1300099999998,64.6399359144
12.1400099999998,63.8988850686
12.1500099999998,63.1443547513
12.1600099999998,62.376855546
12.1700099999998,61.5968072881
12.1800099999998,60.8045557726
12.1900099999998,60.0003873125
12.2000099999998,59.1845413634
12.2100099999998,58.357221416
12.2200099999998,57.5186043501
12.2300099999998,56.6688484234
12.2400099999998,55.8081000598
12.2500099999998,54.9364995806
12.2600099999998,54.0541860119
12.2700099999998,53.161301085
12.2800099999998,52.2579925351
12.2900099999998,51.3444167906
12.3000099999998,50.4207411349
12.3100099999998,49.487145413
12.3200099999998,48.5438233453
12.3300099999998,47.5909835047
12.3400099999998,46.6288500047
12.3500099999998,45.6576629399
12.3600099999998,44.6776786166
12.3700099999998,43.6891696038
12.3800099999998,42.6924246336
12.3900099999998,41.6877483723
12.4000099999998,40.6754610858
12.4100099999998,39.6558982138
12.4200099999998,38.6294098707
12.4300099999998,37.5963602844
12.4400099999998,36.5571271847
12.4500099999998,35.5121011525
12.4600099999998,34.4616849348
12.4700099999998,33.406292736
12.4800099999998,32.3463494894
12.4900099999998,31.2822901145
12.5000099999998,30.2145587645
12.5100099999998,29.1436080683
12.5200099999998,28.069898369
12.5300099999998,26.9938969623
12.5400099999998,25.9160773368
12.5500099999998,24.8369184179
12.5600099999998,23.7569038178
12.5700099999998,22.6765210907
12.5800099999998,21.5962609974
12.5900099999998,20.516616777
12.6000099999998,19.4380834293
12.6100099999998,18.3611570059
12.6200099999998,17.286333913
12.6300099999998,16.214110224
12.6400099999998,15.1449810046
12.6500099999998,14.079439648
12.6600099999998,13.0179772237
12.6700099999998,11.9610818366
12.6800099999998,10.9092379999
12.6900099999998,9.86292601949
12.7000099999998,8.82262139162
12.7100099999998,7.78879421308
12.7200099999998,6.76190860464
12.7300099999998,5.74242214778
12.7400099999998,4.73078533478
12.7500099999998,3.72744103269
12.7600099999998,2.73282396116
12.7700099999998,1.74736018449
12.7800099999998,0.771466618289
12.7900099999998,0.194449449123
12.8000099999998,1.14999082022
12.8100099999998,2.09477083618
12.8200099999998,3.02841380909
12.8300099999998,3.95055543784
12.8400099999998,4.86084320747
12.8500099999998,5.75893677145
12.8600099999998,6.64450831658
12.8700099999998,7.51724290992
12.8800099999998,8.37683882744
12.8900099999998,9.22300786393
12.9000099999998,10.0554756235
12.9100099999998,10.8739817907
12.9200099999998,11.678280381
12.9300099999998,12.4681399709
12.9400099999998,13.2433439073
12.9500099999998,14.0036904948
12.9600099999998,14.7489931612
12.9700099999998,15.4790806009
12.9800099999998,16.1937968955
12.9900099999998,16.8930016113
13.0000099999998,17.5765698732
13.0100099999998,18.2443924155
13.0200099999998,18.896375608
13.0300099999998,19.5324414588
13.0400099999998,20.1525275921
13.0500099999998,20.7565872022
13.0600099999998,21.3445889825
13.0700099999998,21.9165170303
13.0800099999998,22.4723707277
13.0900099999998,23.0121645971
13.1000099999998,23.5359281338
13.1100099999998,24.0437056139
13.1200099999998,24.5355558793
13.1300099999998,25.0115520993
13.1400099999998,25.4717815095
13.1500099999998,25.9163451288
13.1600099999998,26.3453574547
13.1700099999998,26.7589461379
13.1800099999998,27.157251637
13.1900099999998,27.5404268535
13.2000099999998,27.9086367489
13.2100099999998,28.262057944
13.2200099999998,28.6008783021
13.2300099999998,28.9252964969
13.2400099999998,29.2355215656
13.2500099999998,29.5317724502
13.2600099999998,29.8142775254
13.2700099999998,30.0832741173
13.2800099999998,30.3390080123
13.2900099999998,30.5817329578
13.3000099999998,30.8117101571
13.3100099999998,31.0292077584
13.3200099999998,31.2345003403
13.3300099999998,31.4278683947
13.3400099999998,31.6095978088
13.3500099999998,31.7799793428
13.3600099999998,31.9393081382
13.3700099999998,32.0878831453
13.3800099999998,32.2260066933
13.3900099999998,32.3539839259
13.4000099999998,32.4721223306
13.4100099999998,32.5807312446
13.4200099999998,32.6801213757
13.4300099999998,32.7706043322
13.4400099999998,32.852492164
13.4500099999998,32.9260969167
13.4600099999998,32.9917301968
13.4700099999998,33.0497027524
13.4800099999998,33.1003240669
13.4900099999998,33.1439019681
13.5000099999998,33.1807422529
13.5100099999998,33.2111483279
13.5200099999998,33.2354208663
13.5300099999998,33.2538574813
13.5400099999998,33.2667524167
13.5500099999998,33.2743962544
13.5600099999998,33.2770756385
13.5700099999998,33.2750730169
13.5800099999998,33.2686663998
13.5900099999998,33.2581291347
13.6000099999998,33.2437296978
13.6100099999998,33.2257315018
13.6200099999998,33.2043927197
13.6300099999998,33.1799661228
13.6400099999998,33.1526989349
13.6500099999998,33.1228327001
13.6600099999998,33.0906031635
13.6700099999998,33.0562401662
13.6800099999998,33.0199675513
13.6900099999998,32.982003082
13.7000099999998,32.94255837
13.7100099999998,32.9018388136
13.7200099999998,32.860043545
13.7300099999998,32.8173653852
13.7400099999998,32.773990806
13.7500099999998,32.7300998979
13.7600099999998,32.6858663434
13.7700099999998,32.6414573936
13.7800099999998,32.5970338483
13.7900099999998,32.5527500374
13.8000099999998,32.5087538032
13.8100099999998,32.4651864823
13.8200099999998,32.4221828854
13.8300099999997,32.3798712751
13.8400099999998,32.3383733383
13.8500099999997,32.2978041546
13.8600099999998,32.2582721572
13.8700099999997,32.2198790858
13.8800099999997,32.1827199302
13.8900099999997,32.1468828635
13.9000099999997,32.1124491622
13.9100099999997,32.0794931129
13.9200099999997,32.0480819032
13.9300099999997,32.0182754958
13.9400099999997,31.9901264836
13.9500099999997,31.9636799235
13.9600099999997,31.9389731481
13.9700099999997,31.9160355526
13.9800099999997,31.8948883543
13.9900099999997,31.8755443235
14.0000099999997,31.8580074827
14.0100099999997,31.8422727711
14.0200099999997,31.8283256734
14.0300099999997,31.8161418075
14.0400099999997,31.8056864708
14.0500099999997,31.7969141395
14.0600099999997,31.7897679186
14.0700099999997,31.784178939
14.0800099999997,31.7800656973
14.0900099999997,31.7773333341
14.1000099999997,31.7758728467
14.1100099999997,31.775560231
14.1200099999997,31.7762555477
14.1300099999997,31.7778019081
14.1400099999997,31.780024372
14.1500099999997,31.7827287535
14.1600099999997,31.7857003274
14.1700099999997,31.7887024288
14.1800099999997,31.7914749404
14.1900099999997,31.7937326576
14.2000099999997,31.7951635258
14.2100099999997,31.7954267395
14.2200099999997,31.7941506962
14.2300099999997,31.7909307949
14.2400099999997,31.7853270703
14.2500099999997,31.7768616534
14.2600099999997,31.7650160483
14.2700099999997,31.7492282157
14.2800099999997,31.7288894536
14.2900099999997,31.7033410647
14.3000099999997,31.6718708023
14.3100099999997,31.6337090857
14.3200099999997,31.5880249769
14.3300099999997,31.5339219125
14.3400099999997,31.4704331857
14.3500099999997,31.3965171752
14.3600099999997,31.3110523207
14.3700099999997,31.2128318485
14.3800099999997,31.100558253
14.3900099999997,30.9728375474
14.4000099999997,30.8281733017
14.4100099999997,30.664960493
14.4200099999997,30.4814792029
14.4300099999997,30.2758882084
14.4400099999997,30.0462185227
14.4500099999997,29.7903669606
14.4600099999997,29.5060898172
14.4700099999997,29.1909967736
14.4800099999997,28.8425451626
14.4900099999997,28.4580347581
14.5000099999997,28.0346032837
14.5100099999997,27.5692228687
14.5200099999997,27.0586977257
14.5300099999997,26.4996633656
14.5400099999997,25.8885877192
14.5500099999997,25.221774589
14.5600099999997,24.4953699173
14.5700099999997,23.7053714191
14.5800099999997,22.8476421968
14.5900099999997,21.9179290218
14.6000099999997,20.9118860334
14.6100099999997,19.8251046663
14.6200099999997,18.6531506679
14.6300099999997,17.391609098
14.6400099999997,16.0361382129
14.6500099999997,14.5825331019
14.6600099999997,13.0267998734
14.6700099999997,11.3652410412
14.6800099999997,9.59455254653
14.6900099999997,7.71193253494
14.7000099999997,5.71520157672
14.7100099999997,3.6029334617
14.7200099999997,1.37459499787
14.7300099999997,0.969307603351
14.7400099999997,3.42707915866
14.7500099999997,5.99568726752
14.7600099999997,8.67062107084
14.7700099999997,11.4457638723
14.7800099999997,14.3132875624
14.7900099999997,17.2635776408
14.8000099999997,20.2851981161
14.8100099999997,23.3649054909
14.8200099999997,26.4877202711
14.8300099999997,29.6370628094
14.8400099999997,32.794957741
14.8500099999997,35.9423078002
14.8600099999997,39.0592335403
14.8700099999997,42.1254706948
14.8800099999997,45.1208120002
14.8900099999997,48.0255757622
14.9000099999997,50.8210798325
14.9100099999997,53.4900975019
14.9200099999997,56.0172715054
14.9300099999997,58.3894640875
14.9400099999997,60.5960247977
14.9500099999997,62.628963196
14.9600099999997,64.4830200537
14.9700099999997,66.1556377535
14.9800099999997,67.6468370806
14.9900099999997,68.9590132627
15.0000099999997,70.0966681704
15.0100099999997,71.0660978946
15.0200099999997,71.8750554108
15.0300099999997,72.5324069298
15.0400099999997,73.0477981802
15.0500099999997,73.4313436924
15.0600099999997,73.6933486087
15.0700099999997,73.8440690108
15.0800099999997,73.8935135372
15.0900099999997,73.8512863551
15.1000099999997,73.7264694491
15.1100099999997,73.5275407094
15.1200099999997,73.2623233911
15.1300099999997,72.9379620978
15.1400099999997,72.5609203994
15.1500099999997,72.1369954407
15.1600099999997,71.671345317
15.1700099999997,71.1685255232
15.1800099999997,70.632531351
15.1900099999997,70.0668436692
15.2000099999997,69.4744760493
15.2100099999997,68.8580216698
15.2200099999997,68.2196988377
15.2300099999997,67.561394309
15.2400099999997,66.8847038679
15.2500099999997,66.1909698463
15.2600099999997,65.4813154359
15.2700099999997,64.7566757753
15.2800099999997,64.0178258858
15.2900099999997,63.2654055964
15.3000099999997,62.4999416406
15.3100099999997,61.7218671294
15.3200099999997,60.9315386223
15.3300099999997,60.129251013
15.3400099999997,59.315250448
15.3500099999997,58.4897454824
15.3600099999997,57.6529166656
15.3700099999997,56.8049247376
15.3800099999997,55.9459175978
15.3900099999997,55.0760361949
15.4000099999997,54.1954194739
15.4100099999997,53.3042084975
15.4200099999997,52.40254985
15.4300099999997,51.4905984176
15.4400099999997,50.5685196298
15.4500099999997,49.6364912335
15.4600099999997,48.6947046656
15.4700099999997,47.7433660806
15.4800099999997,46.7826970815
15.4900099999997,45.8129351971
15.5000099999997,44.8343341441
15.5100099999997,43.8471639045
15.5200099999997,42.8517106483
15.5300099999997,41.8482765241
15.5400099999997,40.8371793395
15.5500099999997,39.8187521494
15.5600099999997,38.793342767
15.5700099999997,37.7613132121
15.5800099999997,36.7230391071
15.5900099999997,35.6789090309
15.6000099999997,34.6293238398
15.6100099999997,33.574695962
15.6200099999997,32.5154486713
15.6300099999997,31.4520153468
15.6400099999997,30.384838722
15.6500099999997,29.3143701267
15.6600099999997,28.2410687264
15.6700099999997,27.1654007605
15.6800099999997,26.0878387818
15.6900099999997,25.0088609006
15.7000099999997,23.9289500323
15.7100099999997,22.8485931529
15.7200099999997,21.7682805614
15.7300099999997,20.6885051507
15.7400099999997,19.6097616877
15.7500099999997,18.5325461035
15.7600099999997,17.4573547941
15.7700099999997,16.3846839315
15.7800099999997,15.3150287865
15.7900099999997,14.2488830628
15.8000099999997,13.186738243
15.8100099999997,12.1290829466
15.8200099999997,11.0764023004
15.8300099999997,10.0291773209
15.8400099999997,8.98788431033
15.8500099999997,7.95299426426
15.8600099999997,6.92497229332
15.8700099999997,5.90427705762
15.8800099999997,4.89136021479
15.8900099999997,3.88666588161
15.9000099999997,2.89063010971
15.9100099999997,1.90368037531
15.9200099999997,0.926235083512
15.9300099999997,0.0412969126543
15.9400099999997,0.998516778147
15.9500099999997,1.94503614635
15.9600099999997,2.88047755378
15.9700099999997,3.80447485866
15.9800099999997,4.71667364284
15.9900099999997,5.61673159692
16.0000099999997,6.50431888786
16.0100099999997,7.37911850885
16.0200099999997,8.24082661093
16.0300099999997,9.08915281582
16.0400099999997,9.92382050968
16.0500099999997,10.7445671171
16.0600099999997,11.5511443553
16.0700099999997,12.3433184672
16.0800099999997,13.1208704341
16.0900099999997,13.8835961667
16.1000099999997,14.631306674
16.1100099999997,15.3638282103
16.1200099999997,16.0810023995
16.1300099999997,16.7826863361
16.1400099999997,17.4687526631
16.1500099999997,18.1390896262
16.1600099999997,18.7936011044
16.1700099999997,19.432206616
16.1800099999997,20.0548413005
16.1900099999997,20.6614558765
16.2000099999997,21.2520165747
16.2100099999997,21.8265050465
16.2200099999997,22.3849182486
16.2300099999997,22.9272683028
16.2400099999997,23.4535823318
16.2500099999997,23.9639022716
16.2600099999997,24.4582846596
16.2700099999997,24.9368004001
16.2800099999998,25.3995345068
16.2900099999998,25.8465858232
16.3000099999998,26.2780667215
16.3100099999998,26.6941027801
16.3200099999998,27.0948324417
16.3300099999998,27.4804066513
16.3400099999998,27.8509884759
16.3500099999998,28.206752707
16.3600099999998,28.5478854459
16.3700099999998,28.874583674
16.3800099999998,29.1870548086
16.3900099999998,29.4855162454
16.4000099999998,29.7701948886
16.4100099999998,30.0413266716
16.4200099999998,30.2991560663
16.4300099999998,30.5439355861
16.4400099999998,30.7759252808
16.4500099999998,30.9953922271
16.4600099999998,31.2026100136
16.4700099999998,31.3978582254
16.4800099999998,31.5814219248
16.4900099999998,31.7535911348
16.5000099999998,31.9146603186
16.5100099999998,32.0649278764
16.5200099999998,32.204695617
16.5300099999998,32.3342682747
16.5400099999998,32.4539529956
16.5500099999998,32.5640588554
16.5600099999998,32.6648963749
16.5700099999998,32.7567770501
16.5800099999998,32.8400128907
16.5900099999998,32.9149159725
16.6000099999998,32.9817980003
16.6100099999998,33.0409698867
16.6200099999998,33.0927413428
16.6300099999998,33.1374204857
16.6400099999998,33.1753134603
16.6500099999998,33.2067240773
16.6600099999998,33.2319534675
16.6700099999998,33.2512997526
16.6800099999998,33.2650577331
16.6900099999998,33.2735185929
16.7000099999998,33.276969621
16.7100099999998,33.2756939504
16.7200099999998,33.2699703135
16.7300099999998,33.2600728146
16.7400099999998,33.2462707192
16.7500099999998,33.2288282587
16.7600099999998,33.2080044516
16.7700099999998,33.1840529398
16.7800099999998,33.15722184
16.7900099999998,33.1277536088
16.8000099999998,33.0958849225
16.8100099999998,33.0618465691
16.8200099999998,33.0258633527
16.8300099999998,32.9881540099
16.8400099999998,32.9489311365
16.8500099999998,32.9084011241
16.8600099999998,32.8667641061
16.8700099999998,32.8242139113
16.8800099999998,32.7809380251
16.8900099999998,32.7371175562
16.9000099999998,32.6929272092
16.9100099999998,32.6485352612
16.9200099999998,32.6041035405
16.9300099999999,32.5597874087
16.9400099999999,32.5157357425
16.9500099999999,32.4720909158
16.9600099999999,32.4289887804
16.9700099999999,32.3865586431
16.9800099999999,32.3449232404
16.9900099999999,32.3041987065
17.0000099999999,32.264494536
17.0100099999999,32.2259135382
17.0200099999999,32.1885517821
17.0300099999999,32.1524985316
17.0400099999999,32.1178361673
17.0500099999999,32.0846400959
17.0600099999999,32.0529786437
17.0700099999999,32.0229129333
17.0800099999999,31.9944967418
17.0900099999999,31.9677763384
17.1000099999999,31.9427902995
17.1100099999999,31.9195692998
17.1200099999999,31.8981358763
17.1300099999999,31.878504164
17.1400099999999,31.8606796
17.1500099999999,31.8446585942
17.1600099999999,31.8304281634
17.1700099999999,31.8179655264
17.1800099999999,31.8072376565
17.1900099999999,31.7982007887
17.2000099999999,31.7907998782
17.2100099999999,31.7849680055
17.2200099999999,31.7806257262
17.2300099999999,31.7776803589
17.2400099999999,31.776025209
17.2500099999999,31.7755387221
17.2600099999999,31.7760835626
17.2700099999999,31.7775056128
17.2800099999999,31.7796328847
17.2900099999999,31.7822743418
17.3000099999999,31.7852186209
17.3100099999999,31.7882326497
17.3200099999999,31.791060152
17.3300099999999,31.7934200337
17.3400099999999,31.7950046397
17.3500099999999,31.795477877
17.3600099999999,31.794473191
17.3700099999999,31.7915913904
17.3800099999999,31.7863983076
17.3900099999999,31.7784222877
17.4000099999999,31.7671514954
17.4100099999999,31.7520310299
17.4200099999999,31.7324598383
17.4300099999999,31.7077874181
17.4400099999999,31.6773102985
17.4500099999999,31.6402682931
17.4600099999999,31.5958405154
17.4700099999999,31.5431411498
17.4800099999999,31.4812149737
17.4900099999999,31.4090326271
17.5000099999999,31.3254856279
17.5100099999999,31.229381137
17.5200099999999,31.1194364786
17.5300099999999,30.9942734258
17.5400099999999,30.8524122716
17.5500099999999,30.6922657065
17.5600099999999,30.5121325381
17.5700099999999,30.3101912948
17.58001,30.0844937708
17.59001,29.8329585812
17.60001,29.5533648165
17.61001,29.2433459032
17.62001,28.9003838024
17.63001,28.5218037039
17.64001,28.1047694047
17.65001,27.6462795983
17.66001,27.1431653371
17.67001,26.5920889793
17.68001,25.98954498
17.69001,25.3318629412
17.70001,24.6152133958
17.71001,23.8356168656
17.72001,22.9889567976
17.73001,22.0709970536
17.74001,21.0774046935
17.75001,20.0037788542
17.76001,18.8456865787
17.77001,17.5987064843
17.78001,16.258481171
17.79001,14.8207792504
17.80001,13.2815678026
17.81001,11.6370959429
17.82001,9.88398997346
17.83001,8.01936029627
17.84001,6.04091985305
17.85001,3.94711332121
17.86001,1.73725561663
17.87001,0.588322569169
17.88001,3.02812543569
17.89001,5.5793432678
17.90001,8.23770964961
17.91001,10.9973713725
17.92001,13.8507788162
17.93001,16.7886054839
17.94001,19.7997059243
17.95001,22.8711213056
17.96001,25.9881412536
17.97001,29.1344290869
17.98001,32.2922151752
17.99001,35.4425598207
18.00001,38.5656829069
18.01001,41.6413528368
18.02001,44.6493223513
18.03001,47.5697941856
18.04001,50.3838957218
18.05001,53.0741393719
18.06001,55.6248447995
18.07001,58.0225005165
18.08001,60.2560458005
18.09001,62.3170591369
18.10001,64.1998457414
18.11001,65.9014236772
18.12001,67.4214148299
18.13001,68.7618527598
18.14001,69.9269238207
18.15001,70.9226605174
18.16001,71.7566068457
18.17001,72.4374744894
18.18001,72.9748065564
18.19001,73.3786624684
18.2000100000001,73.659334101
18.21001,73.8270997126
18.2200100000001,73.8920189189
18.2300100000001,73.8637691674
18.2400100000001,73.7515219692
18.2500100000001,73.5638555644
18.2600100000001,73.3086997043
18.2700100000001,72.9933077401
18.2800100000001,72.6242511156
18.2900100000001,72.2074315648
18.3000100000001,71.7481067154
18.3100100000001,71.2509253181
18.3200100000001,70.719968881
18.3300100000001,70.1587970615
18.3400100000001,69.5704946938
18.3500100000001,68.9577188155
18.3600100000001,68.3227444728
18.3700100000001,67.6675084338
18.3800100000001,66.9936502307
18.3900100000001,66.3025501807
18.4000100000001,65.5953642126
18.4100100000001,64.8730554651
18.4200100000001,64.1364227158
18.4300100000001,63.3861257752
18.4400100000001,62.6227080197
18.4500100000001,61.846616269
18.4600100000001,61.0582182239
18.4700100000001,60.2578176861
18.4800100000001,59.4456677757
18.4900100000001,58.6219823545
18.5000100000001,57.7869458498
18.5100100000001,56.94072166
18.5200100000001,56.083459309
18.5300100000001,55.2153004983
18.5400100000001,54.3363841962
18.5500100000001,53.4468508829
18.5600100000001,52.5468460619
18.5700100000001,51.6365231342
18.5800100000001,50.7160457201
18.5900100000001,49.785589503
18.6000100000001,48.8453436627
18.6100100000001,47.8955119534
18.6200100000001,46.9363134796
18.6300100000001,45.9679832112
18.6400100000001,44.9907722768
18.6500100000001,44.0049480697
18.6600100000001,43.0107941924
18.6700100000001,42.0086102674
18.6800100000001,40.9987116339
18.6900100000001,39.9814289492
18.7000100000001,38.9571077115
18.7100100000001,37.9261077173
18.7200100000001,36.8888024647
18.7300100000001,35.8455785139
18.7400100000001,34.7968348125
18.7500100000001,33.7429819936
18.7600100000001,32.6844416532
18.7700100000001,31.6216456109
18.7800100000001,30.555035161
18.7900100000001,29.4850603151
18.8000100000001,28.4121790417
18.8100100000001,27.3368565046
18.8200100000001,26.259564302
18.8300100000001,25.1807797092
18.8400100000002,24.1009849266
18.8500100000002,23.0206663331
18.8600100000002,21.9403137474
18.8700100000002,20.8604196978
18.8800100000002,19.7814787004
18.8900100000002,18.7039865481
18.9000100000002,17.6284396093
18.9100100000002,16.5553341371
18.9200100000002,15.4851655909
18.9300100000002,14.4184279681
18.9400100000002,13.3556131482
18.9500100000002,12.2972102493
18.9600100000002,11.243704996
18.9700100000002,10.1955791003
18.9800100000002,9.15330965523
18.9900100000002,8.11736854052
19.0000100000002,7.08822184233
19.0100100000002,6.06632928542
19.0200100000002,5.05214367905
19.0300100000002,4.04611037649
19.0400100000002,3.04866674838
19.0500100000002,2.06024167027
19.0600100000002,1.08125502457
19.0700100000002,0.112117217212
19.0800100000002,0.846771290682
19.0900100000002,1.79502043573
19.1000100000002,2.73225098951
19.1100100000002,3.65809497975
19.1200100000002,4.57219609489
19.1300100000002,5.47421007197
19.1400100000002,6.36380506701
19.1500100000002,7.24066200775
19.1600100000002,8.10447492819
19.1700100000002,8.95495128449
19.1800100000002,9.79181225173
19.1900100000002,10.6147930012
19.2000100000002,11.4236429575
19.2100100000002,12.2181260354
19.2200100000002,12.9980208557
19.2300100000002,13.7631209392
19.2400100000002,14.51323488
19.2500100000002,15.2481864954
19.2600100000002,15.9678149542
19.2700100000002,16.671974881
19.2800100000002,17.3605364382
19.2900100000002,18.0333853841
19.3000100000002,18.6904231066
19.3100100000002,19.3315666339
19.3200100000002,19.9567486196
19.3300100000002,20.5659173052
19.3400100000002,21.1590364561
19.3500100000002,21.736085275
19.3600100000002,22.2970582897
19.3700100000002,22.841965217
19.3800100000002,23.3708308025
19.3900100000002,23.8836946366
19.4000100000002,24.3806109462
19.4100100000002,24.8616483641
19.4200100000002,25.3268896751
19.4300100000002,25.7764315397
19.4400100000002,26.2103841964
19.4500100000002,26.6288711428
19.4600100000002,27.0320287965
19.4700100000002,27.4200061362
19.4800100000003,27.7929643246
19.4900100000003,28.1510763131
19.5000100000003,28.4945264302
19.5100100000003,28.8235099539
19.5200100000003,29.1382326697
19.5300100000003,29.4389104151
19.5400100000003,29.725768612
19.5500100000003,29.9990417881
19.5600100000003,30.2589730888
19.5700100000003,30.5058137802
19.5800100000003,30.739822746
19.5900100000003,30.9612659777
19.6000100000003,31.1704160619
19.6100100000003,31.3675516629
19.6200100000003,31.5529570057
19.6300100000003,31.7269213565
19.6400100000003,31.8897385102
19.6500100000003,32.0417062672
19.6600100000003,32.1831259329
19.6700100000003,32.3143018072
19.6800100000003,32.4355406856
19.6900100000003,32.5471513685
19.7000100000003,32.6494441786
19.7100100000003,32.7427304876
19.7200100000003,32.827322254
19.7300100000003,32.9035315722
19.7400100000003,32.9716702351
19.7500100000003,33.0320493089
19.7600100000003,33.0849787229
19.7700100000003,33.1307668739
19.7800100000003,33.1697202454
19.7900100000003,33.2021430434
19.8000100000003,33.2283368479
19.8100100000003,33.2486002815
19.8200100000003,33.2632286936
19.8300100000003,33.2725138633
19.8400100000003,33.2767437178
19.8500100000003,33.2762020688
19.8600100000003,33.2711683652
19.8700100000003,33.261917463
19.8800100000003,33.2487194119
19.8900100000003,33.2318392573
19.9000100000003,33.2115368593
19.9100100000003,33.1880667265
19.9200100000003,33.1616778649
19.9300100000003,33.132613641
19.9400100000003,33.1011116593
19.9500100000003,33.0674036522
19.9600100000003,33.0317153828
19.9700100000003,32.9942665592
19.9800100000003,32.9552707597
19.9900100000003,32.9149353678
20.0000100000003,32.873461517
20.0100100000003,32.831044043
20.0200100000003,32.7878714437
20.0300100000003,32.7441258455
20.0400100000003,32.6999829747
20.0500100000003,32.6556121333
20.0600100000003,32.611176178
20.0700100000003,32.5668315016
20.0800100000003,32.5227280148
20.0900100000003,32.4790091285
20.1000100000003,32.4358117344
20.1100100000003,32.3932661836
20.1200100000003,32.3514962608
20.1300100000004,32.3106191541
20.1400100000003,32.2707454184
20.1500100000004,32.2319789312
20.1600100000004,32.194416839
20.1700100000004,32.1581494944
20.1800100000004,32.12326038
20.1900100000004,32.08982602
20.2000100000004,32.057915876
20.2100100000004,32.027592227
20.2200100000004,31.9989100302
20.2300100000004,31.9719167624
20.2400100000004,31.9466522386
20.2500100000004,31.9231484069
20.2600100000004,31.9014291174
20.2700100000004,31.8815098622
20.2800100000004,31.8633974847
20.2900100000004,31.8470898561
20.3000100000004,31.8325755154
20.3100100000004,31.8198332705
20.3200100000004,31.8088317584
20.3300100000004,31.7995289592
20.3400100000004,31.791871663
20.3500100000004,31.7857948835
20.3600100000004,31.7812212173
20.3700100000004,31.7780601412
20.3800100000004,31.7762072475
20.3900100000004,31.7755434078
20.4000100000004,31.7759338652
20.4100100000004,31.7772272449
20.4200100000004,31.7792544818
20.4300100000004,31.7818276561
20.4400100000004,31.7847387314
20.4500100000004,31.7877581903
20.4600100000004,31.7906335569
20.4700100000004,31.793087803
20.4800100000004,31.794817626
20.4900100000004,31.7954915935
20.5000100000004,31.794748144
20.5100100000004,31.7921934364
20.5200100000004,31.7873990371
20.5300100000004,31.7798994371
20.5400100000004,31.7691893887
20.5500100000004,31.7547210511
20.5600100000004,31.7359009371
20.5700100000004,31.7120866495
20.5800100000004,31.6825833984
20.5900100000004,31.6466402908
20.6000100000004,31.6034463842
20.6100100000004,31.5521264975
20.6200100000004,31.4917367723
20.6300100000004,31.4212599831
20.6400100000004,31.3396005935
20.6500100000004,31.2455795602
20.6600100000004,31.1379288917
20.6700100000004,31.0152859709
20.6800100000004,30.8761876583
20.6900100000004,30.7190641985
20.7000100000004,30.5422329627
20.7100100000004,30.3438920669
20.7200100000004,30.1221139223
20.7300100000004,29.8748387835
20.7400100000004,29.5998683801
20.7500100000004,29.2948597369
20.7600100000004,28.9573193083
20.7700100000004,28.5845975818
20.7800100000005,28.1738843337
20.7900100000005,27.7222047564
20.8000100000005,27.2264167147
20.8100100000005,26.6832094333
20.8200100000005,26.089103968
20.8300100000005,25.4404558658
20.8400100000005,24.733460479
20.8500100000005,23.9641614628
20.8600100000005,23.1284630508
20.8700100000005,22.2221467715
20.8800100000005,21.2408933362
20.8900100000005,20.180310491
20.9000100000005,19.0359676805
20.9100100000005,17.8034384063
20.9200100000005,16.4783511848
20.9300100000005,15.0564499858
20.9400100000005,13.5336649798
20.9500100000005,11.9061942968
20.9600100000005,10.1705973124
20.9700100000005,8.32389969082
20.9800100000005,6.36371002518
20.9900100000005,4.28834739832
21.0000100000005,2.09697853233
21.0100100000005,0.210237604468
21.0200100000005,2.6320008085
21.0300100000005,5.16572041441
21.0400100000005,7.80737113365
21.0500100000005,10.5513604467
21.0600100000005,13.3904151625
21.0700100000005,16.3154957008
21.0800100000005,19.3157472743
21.0900100000005,22.3784972701
21.1000100000005,25.4893076007
21.1100100000005,28.6320894519
21.1200100000005,31.7892856018
21.1300100000005,34.9421222972
21.1400100000005,38.0709286433
21.1500100000005,41.1555168026
21.1600100000005,44.1756113753
21.1700100000005,47.1113116142
21.1800100000005,49.9435661595
21.1900100000005,52.6546373008
21.2000100000005,55.2285308453
21.2100100000005,57.651368745
21.2200100000005,59.9116848048
21.2300100000005,62.0006286602
21.2400100000005,63.9120696016
21.2500100000005,65.6425985828
21.2600100000005,67.1914336819
21.2700100000005,68.5602401856
21.2800100000005,69.7528811117
21.2900100000005,70.7751168504
21.3000100000005,71.6342736632
21.3100100000005,72.3389001489
21.3200100000005,72.8984287808
21.3300100000005,73.3228566586
21.3400100000005,73.6224561427
21.3500100000005,73.8075224669
21.3600100000005,73.88816208
21.3700100000005,73.8741225773
21.3800100000005,73.7746627903
21.3900100000005,73.5984599183
21.4000100000005,73.353549511
21.4100100000006,73.0472935373
21.4200100000005,72.6863716331
21.4300100000006,72.2767907786
21.4400100000006,71.8239090349
21.4500100000006,71.3324694692
21.4600100000006,70.8066409623
21.4700100000006,70.2500631562
21.4800100000006,69.665893343
21.4900100000006,69.0568535833
21.5000100000006,68.4252767724
21.5100100000006,67.7731507321
21.5200100000006,67.1021597076
21.5300100000006,66.4137228847
21.5400100000006,65.7090297309
21.5500100000006,64.9890721055
21.5600100000006,64.2546731865
21.5700100000006,63.5065133368
21.5800100000006,62.7451530796
21.5900100000006,61.971053385
21.6000100000006,61.1845934808
21.6100100000006,60.3860864114
21.6200100000006,59.5757925601
21.6300100000006,58.7539313442
21.6400100000006,57.9206912815
21.6500100000006,57.0762386103
21.6600100000006,56.2207246319
21.6700100000006,55.3542919297
21.6800100000006,54.4770796027
21.6900100000006,53.5892276373
21.7000100000006,52.6908805291
21.7100100000006,51.7821902526
21.7200100000006,50.8633186655
21.7300100000006,49.9344394242
21.7400100000006,48.9957394781
21.7500100000006,48.0474202012
21.7600100000006,47.0896982123
21.7700100000006,46.1228059295
21.7800100000006,45.1469918966
21.7900100000006,44.1625209159
21.8000100000006,43.1696740182
21.8100100000006,42.1687482921
21.8200100000006,41.1600565979
21.8300100000006,40.1439271834
21.8400100000006,39.1207032181
21.8500100000006,38.0907422599
21.8600100000006,37.0544156664
21.8700100000006,36.0121079618
21.8800100000006,34.9642161674
21.8900100000006,33.9111491031
21.9000100000006,32.8533266677
21.9100100000006,31.7911791028
21.9200100000006,30.7251462441
21.9300100000006,29.6556767658
21.9400100000006,28.58322742
21.9500100000006,27.5082622756
21.9600100000006,26.4312519568
21.9700100000006,25.3526728853
21.9800100000006,24.2730065272
21.9900100000006,23.1927386455
22.0000100000006,22.1123585603
22.0100100000006,21.0323584168
22.0200100000006,19.9532324626
22.0300100000006,18.8754763342
22.0400100000006,17.799586355
22.0500100000006,16.7260588422
22.0600100000007,15.6553894267
22.0700100000007,14.5880723828
22.0800100000007,13.5245999708
22.0900100000007,12.4654617913
22.1000100000007,11.411144151
22.1100100000007,10.362129442
22.1200100000007,9.31889553303
22.1300100000007,8.28191517335
22.1400100000007,7.25165541018
22.1500100000007,6.22857701889
22.1600100000007,5.21313394666
22.1700100000007,4.20577276987
22.1800100000007,3.20693216519
22.1900100000007,2.21704239488
22.2000100000007,1.23652480638
22.2100100000007,0.265791346646
22.2200100000007,0.694755908619
22.2300100000007,1.64472521034
22.2400100000007,2.58373557585
22.2500100000007,3.51141721264
22.2600100000007,4.4274119256
22.2700100000007,5.33137350758
22.2800100000007,6.22296811261
22.2900100000007,7.10187461148
22.3000100000007,7.96778492917
22.3100100000007,8.82040436378
22.3200100000007,9.65945188638
22.3300100000007,10.4846604214
22.3400100000007,11.295777107
22.3500100000007,12.0925635352
22.3600100000007,12.8747959709
22.3700100000007,13.64226555
22.3800100000007,14.3947784551
22.3900100000007,15.1321560699
22.4000100000007,15.8542351105
22.4100100000007,16.560867734
22.4200100000007,17.2519216237
22.4300100000007,17.9272800509
22.4400100000007,18.5868419131
22.4500100000007,19.2305217478
22.4600100000007,19.8582497221
22.4700100000007,20.4699715983
22.4800100000007,21.0656486746
22.4900100000007,21.6452577021
22.5000100000007,22.2087907761
22.5100100000007,22.7562552046
22.5200100000007,23.2876733513
22.5300100000007,23.8030824556
22.5400100000007,24.3025344282
22.5500100000007,24.7860956241
22.5600100000007,25.2538465918
22.5700100000007,25.7058818015
22.5800100000007,26.1423093499
22.5900100000007,26.5632506452
22.6000100000007,26.9688400706
22.6100100000007,27.3592246292
22.6200100000007,27.7345635692
22.6300100000007,28.0950279916
22.6400100000007,28.4408004412
22.6500100000007,28.7720744813
22.6600100000007,29.089054254
22.6700100000007,29.3919540269
22.6800100000007,29.6809977274
22.6900100000007,29.9564184652
22.7000100000008,30.2184580463
22.7100100000008,30.4673664771
22.7200100000008,30.7034014619
22.7300100000008,30.9268278947
22.7400100000008,31.1379173459
22.7500100000008,31.3369475468
22.7600100000008,31.5242018711
22.7700100000008,31.6999688175
22.7800100000008,31.8645414926
22.7900100000008,32.0182170951
22.8000100000008,32.1612964054
22.8100100000008,32.2940832795
22.8200100000008,32.416884149
22.8300100000008,32.5300075274
22.8400100000008,32.6337635271
22.8500100000008,32.7284633839
22.8600100000008,32.8144189933
22.8700100000008,32.8919424577
22.8800100000008,32.9613456467
22.8900100000008,33.0229397703
22.9000100000008,33.0770349657
22.9100100000008,33.1239398995
22.9200100000008,33.1639613848
22.9300100000008,33.1974040142
22.9400100000008,33.2245698086
22.9500100000008,33.2457578828
22.9600100000008,33.2612641282
22.9700100000008,33.2713809117
22.9800100000008,33.2763967922
22.9900100000008,33.2765962536
23.0000100000008,33.2722594556
23.0100100000008,33.2636620006
23.0200100000008,33.251074717
23.0300100000008,33.2347634601
23.0400100000008,33.2149889273
23.0500100000008,33.19200649
23.0600100000008,33.1660660399
23.0700100000008,33.1374118505
23.0800100000008,33.1062824516
23.0900100000008,33.0729105176
23.1000100000008,33.0375227683
23.1100100000008,33.0003398816
23.1200100000008,32.9615764164
23.1300100000008,32.921440747
23.1400100000008,32.8801350056
23.1500100000008,32.8378550338
23.1600100000008,32.7947903412
23.1700100000008,32.7511240711
23.1800100000008,32.7070329709
23.1900100000008,32.662687367
23.2000100000008,32.6182511442
23.2100100000008,32.5738817258
23.2200100000008,32.5297300561
23.2300100000008,32.4859405825
23.2400100000008,32.4426512363
23.2500100000008,32.3999934118
23.2600100000008,32.3580919416
23.2700100000008,32.3170650664
23.2800100000008,32.2770244006
23.2900100000008,32.2380748882
23.3000100000008,32.200314752
23.3100100000008,32.1638354311
23.3200100000008,32.1287215079
23.3300100000009,32.0950506213
23.3400100000008,32.0628933656
23.3500100000009,32.0323131723
23.3600100000009,32.0033661749
23.3700100000009,31.9761010531
23.3800100000009,31.9505588552
23.3900100000009,31.926772797
23.4000100000009,31.9047680351
23.4100100000009,31.8845614111
23.4200100000009,31.8661611669
23.4300100000009,31.8495666257
23.4400100000009,31.8347678384
23.4500100000009,31.8217451911
23.4600100000009,31.810468972
23.4700100000009,31.8008988929
23.4800100000009,31.7929835638
23.4900100000009,31.7866599157
23.5000100000009,31.7818525679
23.5100100000009,31.7784731365
23.5200100000009,31.776419479
23.5300100000009,31.7755748705
23.5400100000009,31.7758071071
23.5500100000009,31.7769675305
23.5600100000009,31.7788899683
23.5700100000009,31.7813895855
23.5800100000009,31.7842616384
23.5900100000009,31.7872801264
23.6000100000009,31.790196334
23.6100100000009,31.792737255
23.6200100000009,31.7946038921
23.6300100000009,31.795469423
23.6400100000009,31.7949772248
23.6500100000009,31.7927387479
23.6600100000009,31.7883312298
23.6700100000009,31.7812952398
23.6800100000009,31.7711320453
23.6900100000009,31.7573007882
23.7000100000009,31.7392154643
23.7100100000009,31.7162416933
23.7200100000009,31.687693272
23.7300100000009,31.6528285009
23.7400100000009,31.6108462753
23.7500100000009,31.5608819357
23.7600100000009,31.5020028691
23.7700100000009,31.4332038594
23.7800100000009,31.3534021836
23.7900100000009,31.2614324563
23.8000100000009,31.1560412265
23.8100100000009,31.0358813371
23.8200100000009,30.8995060614
23.8300100000009,30.7453630395
23.8400100000009,30.5717880439
23.8500100000009,30.3769986147
23.8600100000009,30.1590876164
23.8700100000009,29.916016781
23.8800100000009,29.6456103205
23.8900100000009,29.3455487087
23.9000100000009,29.0133627559
23.9100100000009,28.6464281269
23.9200100000009,28.2419604782
23.9300100000009,27.7970114312
23.9400100000009,27.3084656287
23.9500100000009,26.7730391734
23.9600100000009,26.1872797881
23.9700100000009,25.5475690986
23.980010000001,24.8501274907
23.990010000001,24.0910220633
24.000010000001,23.2661782591
24.010010000001,22.3713958266
24.020010000001,21.4023698333
24.030010000001,20.3547175122
24.040010000001,19.2240117817
24.050010000001,18.005822319
24.060010000001,16.6957650874
24.070010000001,15.2895612086
24.080010000001,13.7831060161
24.090010000001,12.1725490205
24.100010000001,10.4543853353
24.110010000001,8.625558847
24.120010000001,6.68357703859
24.130010000001,4.6266368815
24.140010000001,2.45376057832
24.150010000001,0.164939161903
24.160010000001,2.238718965
24.170010000001,4.75483851674
24.180010000001,7.37963195264
24.190010000001,10.1077645472
24.200010000001,12.9322373451
24.210010000001,15.8442964253
24.220010000001,18.8333775796
24.230010000001,21.8870957263
24.240010000001,24.9912879642
24.250010000001,28.1301179671
24.260010000001,31.2862473139
24.270010000001,34.4410763116
24.280010000001,37.5750529549
24.290010000001,40.6680440909
24.300010000001,43.6997579459
24.310010000001,46.65020238
24.320010000001,49.5001591176
24.330010000001,52.2316512771
24.340010000001,54.8283802994
24.350010000001,57.2761091146
24.360010000001,59.5629712484
24.370010000001,61.6796901079
24.380010000001,63.6196991118
24.390010000001,65.3791596798
24.400010000001,66.9568814852
24.410010000001,68.354155174
24.420010000001,69.5745127684
24.430010000001,70.6234340957
24.440010000001,71.5080189332
24.450010000001,72.2366441804
24.460010000001,72.8186235564
24.470010000001,73.263884484
24.480010000001,73.582673399
24.490010000001,73.7852971406
24.500010000001,73.8819046793
24.510010000001,73.8823104701
24.520010000001,73.7958583177
24.530010000001,73.6313228684
24.540010000001,73.3968446702
24.550010000001,73.0998940978
24.560010000001,72.7472592338
24.570010000001,72.3450529146
24.580010000001,71.8987345017
24.590010000001,71.41314242
24.600010000001,70.8925340673
24.6100100000011,70.3406302634
24.6200100000011,69.7606619558
24.6300100000011,69.1554173987
24.6400100000011,68.527288456
24.6500100000011,67.8783150566
24.6600100000011,67.2102271362
24.6700100000011,66.5244836457
24.6800100000011,65.8223084056
24.6900100000011,65.1047227294
24.7000100000011,64.3725748512
24.7100100000011,63.6265662684
24.7200100000011,62.8672751657
24.7300100000011,62.0951771144
24.7400100000011,61.3106632638
24.7500100000011,60.5140562436
24.7600100000011,59.7056239963
24.7700100000011,58.8855917498
24.7800100000011,58.0541523309
24.7900100000011,57.2114750032
24.8000100000011,56.3577130033
24.8100100000011,55.493009929
24.8200100000011,54.6175051204
24.8300100000011,53.731338162
24.8400100000011,52.8346526166
24.8500100000011,51.927599093
24.8600100000011,51.0103377348
24.8700100000011,50.083040209
24.8800100000011,49.1458912634
24.8900100000011,48.1990899123
24.9000100000011,47.242850303
24.9100100000011,46.2774023101
24.9200100000011,45.3029918954
24.9300100000011,44.3198812702
24.9400100000011,43.3283488884
24.9500100000011,42.3286892977
24.9600100000011,41.3212128699
24.9700100000011,40.3062454315
24.9800100000011,39.2841278094
24.9900100000011,38.255215308
25.0000100000011,37.2198771286
25.0100100000011,36.1784957425
25.0200100000011,35.1314662264
25.0300100000011,34.079195569
25.0400100000011,33.0221019536
25.0500100000011,31.9606140243
25.0600100000011,30.8951701392
25.0700100000011,29.8262176157
25.0800100000011,28.7542119704
25.0900100000011,27.6796161579
25.1000100000011,26.6028998091
25.1100100000011,25.524538473
25.1200100000011,24.4450128624
25.1300100000011,23.364808106
25.1400100000011,22.2844130063
25.1500100000011,21.2043193072
25.1600100000011,20.1250209695
25.1700100000011,19.047013456
25.1800100000011,17.9707930272
25.1900100000011,16.8968560471
25.2000100000011,15.8256983011
25.2100100000011,14.7578143238
25.2200100000011,13.69369674
25.2300100000011,12.6338356165
25.2400100000011,11.5787178266
25.2500100000011,10.5288264269
25.2600100000012,9.48464004671
25.2700100000012,8.44663229009
25.2800100000012,7.41527115087
25.2900100000012,6.39101844088
25.3000100000012,5.3743292315
25.3100100000012,4.36565130877
25.3200100000012,3.36542464236
25.3300100000012,2.37408086852
25.3400100000012,1.39204278741
25.3500100000012,0.419723875063
25.3600100000012,0.542472189771
25.3700100000012,1.49415198349
25.3800100000012,2.43493277995
25.3900100000012,3.36444297669
25.4000100000012,4.28232250499
25.4100100000012,5.18822322299
25.4200100000012,6.08180929174
25.4300100000012,6.96275753361
25.4400100000012,7.83075777269
25.4500100000012,8.68551315661
25.4600100000012,9.52674045954
25.4700100000012,10.3541703656
25.4800100000012,11.1675477328
25.4900100000012,11.9666318357
25.5000100000012,12.7511965886
25.5100100000012,13.5210307466
25.5200100000012,14.275938085
25.5300100000012,15.0157375572
25.5400100000012,15.7402634295
25.5500100000012,16.4493653933
25.5600100000012,17.1429086544
25.5700100000012,17.8207739984
25.5800100000012,18.4828578326
25.5900100000012,19.1290722035
25.6000100000012,19.7593447906
25.6100100000012,20.3736188759
25.6200100000012,20.9718532882
25.6300100000012,21.554022324
25.6400100000012,22.120115643
25.6500100000012,22.6701381403
25.6600100000012,23.2041097932
25.6700100000012,23.722065485
25.6800100000012,24.2240548043
25.6900100000012,24.7101418217
25.7000100000012,25.1804048431
25.7100100000012,25.6349361405
25.7200100000012,26.0738416609
25.7300100000012,26.4972407144
25.7400100000012,26.9052656412
25.7500100000012,27.2980614589
25.7600100000012,27.6757854914
25.7700100000012,28.0386069789
25.7800100000012,28.3867066716
25.7900100000012,28.7202764071
25.8000100000012,29.0395186727
25.8100100000012,29.3446461543
25.8200100000012,29.6358812722
25.8300100000012,29.9134557063
25.8400100000012,30.1776099104
25.8500100000012,30.4285926184
25.8600100000012,30.6666603425
25.8700100000012,30.8920768658
25.8800100000012,31.1051127299
25.8900100000012,31.3060447196
25.9000100000013,31.4951553447
25.9100100000013,31.6727323224
25.9200100000013,31.8390680583
25.9300100000013,31.9944591376
25.9400100000013,32.1392057997
25.9500100000013,32.2736114478
25.9600100000013,32.3979821349
25.9700100000013,32.5126260762
25.9800100000013,32.6178531611
25.9900100000013,32.713974478
26.0000100000013,32.8013018478
26.0100100000013,32.88014737
26.0200100000013,32.9508229801
26.0300100000013,33.0136400211
26.0400100000013,33.068908828
26.0500100000013,33.1169383279
26.0600100000013,33.1580356539
26.0700100000013,33.1925057763
26.0800100000013,33.2206511482
26.0900100000013,33.2427713692
26.1000100000013,33.2591628646
26.1100100000013,33.2701185819
26.1200100000013,33.2759277048
26.1300100000013,33.2768753836
26.1400100000013,33.2732424824
26.1500100000013,33.2653053445
26.1600100000013,33.2533355725
26.1700100000013,33.2375998264
26.1800100000013,33.2183596366
26.1900100000013,33.1958712336
26.2000100000013,33.1703853915
26.2100100000013,33.1421472872
26.2200100000013,33.1113963732
26.2300100000013,33.0783662633
26.2400100000013,33.0432846319
26.2500100000013,33.0063731245
26.2600100000013,32.9678472794
26.2700100000013,32.9279164597
26.2800100000013,32.8867837954
26.2900100000013,32.8446461328
26.3000100000013,32.8016939926
26.3100100000013,32.758111534
26.3200100000013,32.7140765247
26.3300100000013,32.6697603155
26.3400100000013,32.6253278183
26.3500100000013,32.5809374867
26.3600100000013,32.5367412982
26.3700100000013,32.4928847359
26.3800100000013,32.4495067705
26.3900100000013,32.4067398389
26.4000100000013,32.3647098205
26.4100100000013,32.3235360082
26.4200100000013,32.2833310742
26.4300100000013,32.2442010283
26.4400100000013,32.2062451675
26.4500100000013,32.1695560159
26.4600100000013,32.1342192535
26.4700100000013,32.1003136314
26.4800100000013,32.0679108731
26.4900100000013,32.0370755597
26.5000100000013,32.0078649969
26.5100100000013,31.9803290627
26.5200100000013,31.9545100336
26.5300100000014,31.9304423876
26.5400100000013,31.908152581
26.5500100000014,31.887658798
26.5600100000014,31.8689706707
26.5700100000014,31.8520889653
26.5800100000014,31.8370052348
26.5900100000014,31.8237014324
26.6000100000014,31.8121494854
26.6100100000014,31.8023108241
26.6200100000014,31.7941358637
26.6300100000014,31.7875634363
26.6400100000014,31.7825201666
26.6500100000014,31.7789197906
26.6600100000014,31.7766624104
26.6700100000014,31.7756336817
26.6800100000014,31.775703929
26.6900100000014,31.7767271833
26.7000100000014,31.7785401362
26.7100100000014,31.7809610058
26.7200100000014,31.7837883066
26.7300100000014,31.7867995182
26.7400100000014,31.7897496453
26.7500100000014,31.7923696608
26.7600100000014,31.794364826
26.7700100000014,31.7954128789
26.7800100000014,31.7951620809
26.7900100000014,31.7932291162
26.8000100000014,31.789196831
26.8100100000014,31.7826118063
26.8200100000014,31.7729817528
26.8300100000014,31.7597727187
26.8400100000014,31.7424061005
26.8500100000014,31.7202554478
26.8600100000014,31.6926430509
26.8700100000014,31.6588363044
26.8800100000014,31.6180438363
26.8900100000014,31.5694113973
26.9000100000014,31.5120175018
26.9100100000014,31.4448688183
26.9200100000014,31.366895307
26.9300100000014,31.2769451029
26.9400100000014,31.1737791526
26.9500100000014,31.0560656102
26.9600100000014,30.922374008
26.9700100000014,30.7711692232
26.9800100000014,30.6008052682
26.9900100000014,30.4095189436
27.0000100000014,30.1954234031
27.0100100000014,29.9565016941
27.0200100000014,29.6906003529
27.0300100000014,29.3954231517
27.0400100000014,29.0685251174
27.0500100000014,28.7073069681
27.0600100000014,28.309010138
27.0700100000014,27.8707126021
27.0800100000014,27.3893257412
27.0900100000014,26.8615925387
27.1000100000014,26.2840874419
27.1100100000014,25.6532182772
27.1200100000014,24.9652306647
27.1300100000014,24.2162154403
27.1400100000014,23.4021196594
27.1500100000014,22.5187618222
27.1600100000014,21.5618520313
27.1700100000014,20.5270178549
27.1800100000015,19.4098367255
27.1900100000015,18.20587575
27.2000100000015,16.9107398307
27.2100100000015,15.5201289908
27.2200100000015,14.0299057541
27.2300100000015,12.4361733303
27.2400100000015,10.7353651878
27.2500100000015,8.92434634932
27.2600100000015,7.0005263833
27.2700100000015,4.96198359707
27.2800100000015,2.80759932215
27.2900100000015,0.537200431842
27.3000100000015,1.84829266895
27.3100100000015,4.34671637383
27.3200100000015,6.95451745212
27.3300100000015,9.66661598595
27.3400100000015,12.4762849354
27.3500100000015,15.3750546158
27.3600100000015,18.352651111
27.3700100000015,21.3969779466
27.3800100000015,24.4941500441
27.3900100000015,27.6285879052
27.4000100000015,30.7831780212
27.4100100000015,33.9395026081
27.4200100000015,37.0781379871
27.4300100000015,40.1790164404
27.4400100000015,43.2218414846
27.4500100000015,46.1865416639
27.4600100000015,49.0537436952
27.4700100000015,51.8052426578
27.4800100000015,54.4244453877
27.4900100000015,56.8967636731
27.5000100000015,59.2099363096
27.5100100000015,61.3542635828
27.5200100000015,63.322743449
27.5300100000015,65.1111057593
27.5400100000015,66.7177475075
27.5500100000015,68.1435785832
27.5600100000015,69.3917925249
27.5700100000015,70.4675802409
27.5800100000015,71.3778062921
27.5900100000015,72.1306672163
27.6000100000015,72.7353497591
27.6100100000015,73.201704176
27.6200100000015,73.5399444097
27.6300100000015,73.7603833653
27.6400100000015,73.8732080575
27.6500100000015,73.8882963535
27.6600100000015,73.815074541
27.6700100000015,73.662413076
27.6800100000015,73.4385566001
27.6900100000015,73.1510835962
27.7000100000015,72.8068907811
27.7100100000015,72.4121974085
27.7200100000015,71.9725649723
27.7300100000015,71.4929282732
27.7400100000015,70.9776343584
27.7500100000015,70.4304864134
27.7600100000015,69.8547902413
27.7700100000015,69.2534014657
27.7800100000015,68.6287720483
27.7900100000015,67.9829950901
27.8000100000015,67.3178472068
27.8100100000016,66.6348280243
27.8200100000016,65.9351965434
27.8300100000016,65.220004278
27.8400100000016,64.490125186
27.8500100000016,63.7462824936
27.8600100000016,62.989072571
27.8700100000016,62.218986052
27.8800100000016,61.4364264102
27.8900100000016,60.6417262111
27.9000100000016,59.8351612596
27.9100100000016,59.0169628555
27.9200100000016,58.1873283582
27.9300100000016,57.3464302478
27.9400100000016,56.494423858
27.9500100000016,55.6314539367
27.9600100000016,54.7576601795
27.9700100000016,53.8731818633
27.9800100000016,52.9781616959
27.9900100000016,52.0727489832
28.0000100000016,51.1571022051
28.0100100000016,50.2313910785
28.0200100000016,49.2957981798
28.0300100000016,48.3505201852
28.0400100000016,47.3957687857
28.0500100000016,46.4317713213
28.0600100000016,45.458771176
28.0700100000016,44.4770279695
28.0800100000016,43.4868175756
28.0900100000016,42.4884319938
28.1000100000016,41.4821790981
28.1100100000016,40.468382282
28.1200100000016,39.4473800168
28.1300100000016,38.4195253386
28.1400100000016,37.3851852762
28.1500100000016,36.3447402312
28.1600100000016,35.2985833185
28.1700100000016,34.2471196769
28.1800100000016,33.1907657557
28.1900100000016,32.1299485827
28.2000100000016,31.0651050192
28.2100100000016,29.9966810065
28.2200100000016,28.9251308063
28.2300100000016,27.8509162396
28.2400100000016,26.7745059249
28.2500100000016,25.6963745192
28.2600100000016,24.6170019633
28.2700100000016,23.5368727322
28.2800100000016,22.4564750928
28.2900100000016,21.3763003692
28.3000100000016,20.2968422172
28.3100100000016,19.2185959079
28.3200100000016,18.1420576212
28.3300100000016,17.0677237511
28.3400100000016,15.99609022
28.3500100000016,14.9276518064
28.3600100000016,13.8629014828
28.3700100000016,12.8023297664
28.3800100000016,11.746424081
28.3900100000016,10.6956681325
28.4000100000016,9.65054129554
28.4100100000016,8.61151801405
28.4200100000016,7.57906721399
28.4300100000016,6.55365172952
28.4400100000016,5.53572774237
28.4500100000017,4.52574423481
28.4600100000017,3.52414245635
28.4700100000017,2.5313554045
28.4800100000017,1.54780731976
28.4900100000017,0.573913195242
28.5000100000017,0.389921698883
28.5100100000017,1.34330227571
28.5200100000017,2.28584407638
28.5300100000017,3.21717369898
28.5400100000017,4.13692921107
28.5500100000017,5.04476054564
28.5600100000017,5.94032987985
28.5700100000017,6.82331199632
28.5800100000017,7.69339462635
28.5900100000017,8.55027877485
28.6000100000017,9.39367902623
28.6100100000017,10.2233238311
28.6200100000017,11.0389557732
28.6300100000017,11.8403318156
28.6400100000017,12.6272235271
28.6500100000017,13.3994172864
28.6600100000017,14.1567144656
28.6700100000017,14.898931591
28.6800100000017,15.625900482
28.6900100000017,16.3374683668
28.7000100000017,17.0334979754
28.7100100000017,17.7138676086
28.7200100000017,18.3784711837
28.7300100000017,19.0272182564
28.7400100000017,19.6600340178
28.7500100000017,20.2768592681
28.7600100000017,20.8776503645
28.7700100000017,21.4623791466
28.7800100000017,22.0310328352
28.7900100000017,22.5836139084
28.8000100000017,23.1201399527
28.8100100000017,23.6406434902
28.8200100000017,24.1451717819
28.8300100000017,24.6337866077
28.8400100000017,25.1065640239
28.8500100000017,25.563594097
28.8600100000017,26.0049806164
28.8700100000017,26.4308407858
28.8800100000017,26.8413048931
28.8900100000017,27.2365159613
28.9000100000017,27.61662938
28.9100100000017,27.9818125183
28.9200100000017,28.3322443212
28.9300100000017,28.6681148892
28.9400100000017,28.9896250435
28.9500100000017,29.2969858764
28.9600100000017,29.5904182895
28.9700100000017,29.8701525201
28.9800100000017,30.1364276575
28.9900100000017,30.3894911503
29.0000100000017,30.6295983057
29.0100100000017,30.857011783
29.0200100000017,31.0720010819
29.0300100000017,31.2748420273
29.0400100000017,31.4658162522
29.0500100000017,31.6452106788
29.0600100000017,31.813316693
29.0700100000017,31.9704314811
29.0800100000017,32.116852884
29.0900100000017,32.2528850703
29.1000100000018,32.3788333942
29.1100100000018,32.4950057596
29.1200100000018,32.6017118216
29.1300100000018,32.699262509
29.1400100000018,32.7879695568
29.1500100000018,32.86814505
29.1600100000018,32.9401009793
29.1700100000018,33.0041488103
29.1800100000018,33.0605990657
29.1900100000018,33.109760923
29.2000100000018,33.1519418262
29.2100100000018,33.1874471141
29.2200100000018,33.2165796638
29.2300100000018,33.2396395511
29.2400100000018,33.2569237277
29.2500100000018,33.2687257147
29.2600100000018,33.2753353136
29.2700100000018,33.2770383343
29.2800100000018,33.2741163401
29.2900100000018,33.2668464091
29.3000100000018,33.2555009129
29.3100100000018,33.2403473117
29.3200100000018,33.2216479648
29.3300100000018,33.1996599574
29.3400100000018,33.1746349425
29.3500100000018,33.1468189975
29.3600100000018,33.1164524942
29.3700100000018,33.0837699837
29.3800100000018,33.0490000925
29.3900100000018,33.0123654318
29.4000100000018,32.9740825174
29.4100100000018,32.9343617001
29.4200100000018,32.893407106
29.4300100000018,32.8514165854
29.4400100000018,32.8085816688
29.4500100000018,32.7650875309
29.4600100000018,32.721112959
29.4700100000018,32.6768303276
29.4800100000018,32.6324055752
29.4900100000018,32.5879981855
29.5000100000018,32.5437611684
29.5100100000018,32.4998410426
29.5200100000018,32.4563778174
29.5300100000018,32.4135049717
29.5400100000018,32.3713494311
29.5500100000018,32.3300315397
29.5600100000018,32.2896650267
29.5700100000018,32.2503569661
29.5800100000018,32.2122077278
29.5900100000018,32.175310919
29.6000100000018,32.1397533151
29.6100100000018,32.1056147769
29.6200100000018,32.0729681545
29.6300100000018,32.0418791749
29.6400100000018,32.0124063122
29.6500100000018,31.9846006383
29.6600100000018,31.9585056532
29.6700100000018,31.934157091
29.6800100000018,31.9115827015
29.6900100000018,31.8908020045
29.7000100000018,31.8718260141
29.7100100000018,31.8546569311
29.7200100000018,31.8392878005
29.7300100000019,31.8257021319
29.7400100000018,31.8138734798
29.7500100000019,31.8037649797
29.7600100000019,31.7953288378
29.7700100000019,31.7885057712
29.7800100000019,31.783224393
29.7900100000019,31.7794005402
29.8000100000019,31.7769365388
29.8100100000019,31.7757204025
29.8200100000019,31.7756249601
29.8300100000019,31.7765069052
29.8400100000019,31.7782057647
29.8500100000019,31.7805427786
29.8600100000019,31.783319686
29.8700100000019,31.7863174101
29.8800100000019,31.7892946361
29.8900100000019,31.7919862736
29.9000100000019,31.7941017967
29.9100100000019,31.7953234538
29.9200100000019,31.7953043378
29.9300100000019,31.7936663089
29.9400100000019,31.7899977608
29.9500100000019,31.78385122
29.9600100000019,31.7747407697
29.9700100000019,31.7621392886
29.9800100000019,31.745475493
29.9900100000019,31.7241307757
30.0000100000019,31.6974358283
30.0100100000019,31.6646670413
30.0200100000019,31.6250426714
30.0300100000019,31.5777187686
30.0400100000019,31.5217848577
30.0500100000019,31.4562593691
30.0600100000019,31.3800848156
30.0700100000019,31.2921227172
30.0800100000019,31.1911482756
30.0900100000019,31.0758448081
30.1000100000019,30.9447979531
30.1100100000019,30.7964896673
30.1200100000019,30.6292920419
30.1300100000019,30.4414609744
30.1400100000019,30.231129744
30.1500100000019,29.9963025508
30.1600100000019,29.7348480964
30.1700100000019,29.4444932994
30.1800100000019,29.122817262
30.1900100000019,28.7672456287
30.2000100000019,28.3750455054
30.2100100000019,27.9433211401
30.2200100000019,27.4690106054
30.2300100000019,26.9488837613
30.2400100000019,26.3795418269
30.2500100000019,25.7574189403
30.2600100000019,25.0787861429
30.2700100000019,24.3397582857
30.2800100000019,23.5363044212
30.2900100000019,22.6642623108
30.3000100000019,21.7193577471
30.3100100000019,20.6972294533
30.3200100000019,19.5934603837
30.3300100000019,18.403616294
30.3400100000019,17.1232924774
30.3500100000019,15.7481695665
30.360010000002,14.2740792574
30.3700100000019,12.6970807299
30.380010000002,11.0135483772
30.390010000002,9.22027122483
30.400010000002,7.31456407944
30.410010000002,5.29438999419
30.420010000002,3.15849305017
30.430010000002,0.906539722773
30.440010000002,1.46073377437
30.450010000002,3.94137178744
30.460010000002,6.53205190409
30.470010000002,9.22794594201
30.480010000002,12.022596335
30.490010000002,14.9078160533
30.500010000002,17.8736209891
30.510010000002,20.9082041201
30.520010000002,23.9979605665
30.530010000002,27.1275717204
30.540010000002,30.280154814
30.550010000002,33.4374815514
30.560010000002,36.5802657798
30.570010000002,39.6885157805
30.580010000002,42.7419419115
30.590010000002,45.7204054485
30.600010000002,48.6043900777
30.610010000002,51.375474134
30.620010000002,54.0167798672
30.630010000002,56.5133761487
30.640010000002,58.8526129235
30.650010000002,61.0243709521
30.660010000002,63.0212135031
30.670010000002,64.8384372165
30.680010000002,66.4740224645
30.690010000002,67.9284925278
30.700010000002,69.204695159
30.710010000002,70.3075240952
30.720010000002,71.2435999773
30.730010000002,72.0209302808
30.740010000002,72.6485664665
30.750010000002,73.1362740006
30.760010000002,73.4942276082
30.770010000002,73.7327405535
30.780010000002,73.8620332484
30.790010000002,73.8920433653
30.800010000002,73.8322770388
30.810010000002,73.691698769
30.820010000002,73.4786562779
30.830010000002,73.2008357706
30.840010000002,72.8652427171
30.850010000002,72.4782032959
30.860010000002,72.0453819288
30.870010000002,71.5718107861
30.880010000002,71.0619276823
30.890010000002,70.519619352
30.900010000002,69.9482676533
30.910010000002,69.3507967618
30.920010000002,68.7297198748
30.930010000002,68.087184341
30.940010000002,67.4250144587
30.950010000002,66.744751451
30.960010000002,66.0476903396
30.970010000002,65.3349135982
30.980010000002,64.6073215884
30.990010000002,63.8656598701
31.000010000002,63.1105435345
31.0100100000021,62.3424787487
31.0200100000021,61.5618817223
31.0300100000021,60.7690953149
31.0400100000021,59.9644035045
31.0500100000021,59.1480439304
31.0600100000021,58.3202187139
31.0700100000021,57.4811037475
31.0800100000021,56.6308566279
31.0900100000021,55.7696233936
31.1000100000021,54.8975442127
31.1100100000021,54.014758152
31.1200100000021,53.1214071445
31.1300100000021,52.2176392584
31.1400100000021,51.303611362
31.1500100000021,50.3794912633
31.1600100000021,49.4454593983
31.1700100000021,48.5017101286
31.1800100000021,47.5484527047
31.1900100000021,46.5859119418
31.2000100000021,45.6143286513
31.2100100000021,44.6339598615
31.2200100000021,43.6450788627
31.2300100000021,42.6479750999
31.2400100000021,41.6429539403
31.2500100000021,40.630336333
31.2600100000021,39.6104583808
31.2700100000021,38.5836708368
31.2800100000021,37.550338542
31.2900100000021,36.510839811
31.3000100000021,35.4655657796
31.3100100000021,34.4149197188
31.3200100000021,33.3593163252
31.3300100000021,32.2991809912
31.3400100000021,31.2349490624
31.3500100000021,30.1670650845
31.3600100000021,29.0959820454
31.3700100000021,28.0221606128
31.3800100000021,26.9460683736
31.3900100000021,25.8681790738
31.4000100000021,24.788971863
31.4100100000021,23.7089305439
31.4200100000021,22.6285428289
31.4300100000021,21.5482996041
31.4400100000021,20.468694202
31.4500100000021,19.390221684
31.4600100000021,18.3133781323
31.4700100000021,17.2386599527
31.4800100000021,16.1665631882
31.4900100000021,15.0975828441
31.5000100000021,14.0322122243
31.5100100000021,12.9709422799
31.5200100000021,11.9142609699
31.5300100000021,10.8626526333
31.5400100000021,9.8165973752
31.5500100000021,8.77657046453
31.5600100000021,7.74304174479
31.5700100000021,6.71647505822
31.5800100000021,5.69732768305
31.5900100000021,4.68604978421
31.6000100000021,3.68308387792
31.6100100000021,2.68886431013
31.6200100000021,1.70381674923
31.6300100000021,0.728357693353
31.6400100000021,0.237106007583
31.6500100000021,1.19217761466
31.6600100000022,2.1364709472
31.6700100000022,3.06961081424
31.6800100000022,3.99123342973
31.6900100000022,4.9009868111
31.7000100000022,5.79853116079
31.7100100000022,6.68353923034
31.7200100000022,7.55569666655
31.7300100000022,8.41470233933
31.7400100000022,9.26026865067
31.7500100000022,10.0921218244
31.7600100000022,10.9100021762
31.7700100000022,11.7136643635
31.7800100000022,12.5028776145
31.7900100000022,13.2774259364
31.8000100000022,14.0371083022
31.8100100000022,14.7817388146
31.8200100000022,15.511146849
31.8300100000022,16.2251771729
31.8400100000022,16.9236900418
31.8500100000022,17.6065612732
31.8600100000022,18.2736822952
31.8700100000022,18.9249601722
31.8800100000022,19.5603176064
31.8900100000022,20.1796929147
31.9000100000022,20.7830399812
31.9100100000022,21.3703281857
31.9200100000022,21.941542307
31.9300100000022,22.4966824026
31.9400100000022,23.0357636637
31.9500100000022,23.5588162462
31.9600100000022,24.0658850777
31.9700100000022,24.5570296418
31.9800100000022,25.0323237379
31.9900100000022,25.49185522
